Source,Chapter,Verse,Depth
P,1,7,6
P,1,13,4
P,1,14,5
P,2,24,7
P,2,25,4
P,6,2,4
P,6,3,5
P,6,4,6
P,6,5,7
P,6,6,6
P,6,7,7
P,6,8,7
P,6,9,6
P,6,10,4
P,6,11,5
P,6,12,8
P,6,14,7
P,6,15,5
P,6,16,7
P,6,17,4
P,6,18,5
P,6,19,5
P,6,20,8
P,6,21,5
P,6,22,3
P,6,23,8
P,6,24,4
P,6,25,6
P,7,1,5
P,7,2,5
P,7,3,6
P,7,4,6
P,7,5,6
P,7,6,4
P,7,7,5
P,7,8,5
P,7,9,7
P,7,10,6
P,7,11,5
P,7,12,10
P,7,13,5
P,7,19,10
P,7,20,8
P,7,22,6
P,8,1,6
P,8,2,5
P,8,3,5
P,8,12,6
P,8,13,6
P,8,14,6
P,8,15,6
P,9,8,6
P,9,9,7
P,9,10,8
P,9,11,6
P,9,12,6
P,12,1,5
P,12,2,6
P,12,3,8
P,12,4,8
P,12,5,8
P,12,6,6
P,12,7,7
P,12,8,8
P,12,9,8
P,12,10,7
P,12,11,5
P,12,12,6
P,12,13,12
P,12,14,5
P,12,15,6
P,12,16,7
P,12,17,7
P,12,18,9
P,12,19,9
P,12,20,5
P,12,28,5
P,12,40,6
P,12,41,8
P,12,42,8
P,12,43,5
P,12,44,5
P,12,45,4
P,12,46,5
P,12,47,5
P,12,48,7
P,12,49,6
P,14,1,4
P,14,2,7
P,14,3,5
P,14,4,9
P,14,8,6
P,14,10,5
P,14,15,5
P,14,16,6
P,14,17,7
P,14,18,7
P,14,21,5
P,14,22,4
P,14,23,8
P,14,26,6
P,14,27,6
P,14,28,6
P,14,29,5
P,16,2,6
P,16,3,9
P,16,6,6
P,16,7,6
P,16,8,7
P,16,9,6
P,16,10,6
P,16,11,4
P,16,12,7
P,16,13,5
P,16,14,7
P,16,15,8
P,16,16,7
P,16,17,5
P,16,18,5
P,16,19,6
P,16,20,6
P,16,21,3
P,16,22,7
P,16,23,7
P,16,24,5
P,16,25,6
P,16,26,4
P,16,27,4
P,16,28,6
P,16,29,7
P,16,30,4
P,16,31,8
P,16,32,7
P,16,33,7
P,16,34,5
P,16,35,6
P,16,36,3
P,19,1,6
P,20,1,4
P,20,2,5
P,20,3,4
P,20,4,7
P,20,5,6
P,20,6,5
P,20,7,6
P,20,8,4
P,20,9,5
P,20,10,9
P,20,11,6
P,20,12,6
P,20,13,3
P,20,14,3
P,20,15,3
P,20,16,4
P,20,17,6
P,24,16,7
P,24,17,6
P,24,18,7
P,25,1,4
P,25,2,7
P,25,3,5
P,25,4,2
P,25,5,5
P,25,6,6
P,25,7,5
P,25,8,5
P,25,9,7
P,25,10,5
P,25,11,6
P,25,12,7
P,25,13,4
P,25,14,6
P,25,15,4
P,25,16,5
P,25,17,8
P,25,18,7
P,25,19,6
P,25,20,8
P,25,21,6
P,25,22,6
P,25,23,5
P,25,24,5
P,25,25,6
P,25,26,5
P,25,27,7
P,25,28,8
P,25,29,4
P,25,30,5
P,25,31,6
P,25,32,6
P,25,33,8
P,25,34,4
P,25,35,10
P,25,36,6
P,25,37,6
P,25,38,4
P,25,39,5
P,25,40,5
P,26,1,5
P,26,2,9
P,26,3,9
P,26,4,6
P,26,5,10
P,26,6,7
P,26,7,7
P,26,8,6
P,26,9,8
P,26,10,9
P,26,11,8
P,26,12,5
P,26,13,5
P,26,14,10
P,26,15,5
P,26,16,5
P,26,17,6
P,26,18,5
P,26,19,9
P,26,20,6
P,26,21,5
P,26,22,4
P,26,23,4
P,26,24,8
P,26,25,7
P,26,26,5
P,26,27,6
P,26,28,7
P,26,29,7
P,26,30,5
P,26,31,5
P,26,32,8
P,26,33,12
P,26,34,6
P,26,35,5
P,26,36,7
P,26,37,3
P,27,1,6
P,27,2,7
P,27,3,9
P,27,4,6
P,27,5,4
P,27,6,7
P,27,7,6
P,27,8,4
P,27,9,7
P,27,10,5
P,27,11,6
P,27,12,6
P,27,13,7
P,27,14,8
P,27,15,6
P,27,16,6
P,27,17,9
P,27,18,6
P,27,19,6
P,27,20,7
P,27,21,6
P,28,1,6
P,28,2,5
P,28,3,6
P,28,4,6
P,28,5,7
P,28,6,8
P,28,7,6
P,28,8,5
P,28,9,8
P,28,10,5
P,28,11,8
P,28,12,7
P,28,13,4
P,28,14,5
P,28,15,6
P,28,16,5
P,28,17,7
P,28,18,4
P,28,19,4
P,28,20,3
P,28,21,8
P,28,22,7
P,28,23,6
P,28,24,6
P,28,25,4
P,28,26,7
P,28,27,8
P,28,28,6
P,28,29,5
P,28,30,6
P,28,31,5
P,28,32,7
P,28,33,5
P,28,34,8
P,28,35,7
P,28,36,6
P,28,37,6
P,28,38,9
P,28,39,6
P,28,40,6
P,28,41,8
P,28,42,8
P,28,43,7
P,29,1,10
P,29,2,3
P,29,3,8
P,29,4,5
P,29,5,7
P,29,6,7
P,29,7,6
P,29,8,4
P,29,9,8
P,29,10,6
P,29,11,5
P,29,12,6
P,29,13,12
P,29,14,6
P,29,15,5
P,29,16,5
P,29,17,7
P,29,18,6
P,29,19,5
P,29,20,6
P,29,21,12
P,29,22,9
P,29,23,9
P,29,24,5
P,29,25,6
P,29,26,6
P,29,27,7
P,29,28,7
P,29,29,7
P,29,30,6
P,29,31,4
P,29,32,7
P,29,33,10
P,29,34,5
P,29,35,6
P,29,36,6
P,29,37,6
P,29,38,6
P,29,39,5
P,29,40,4
P,29,41,4
P,29,42,3
P,29,43,4
P,29,44,7
P,29,45,4
P,29,46,5
P,30,1,5
P,30,2,5
P,30,3,7
P,30,4,8
P,30,5,7
P,30,6,6
P,30,7,5
P,30,8,6
P,30,9,4
P,30,10,8
P,30,11,4
P,30,12,6
P,30,13,5
P,30,14,6
P,30,15,7
P,30,16,7
P,30,17,4
P,30,18,6
P,30,19,5
P,30,20,6
P,30,21,7
P,30,22,4
P,30,23,7
P,30,24,5
P,30,25,5
P,30,26,5
P,30,27,7
P,30,28,5
P,30,29,5
P,30,30,5
P,30,31,5
P,30,32,5
P,30,33,7
P,30,34,5
P,30,35,9
P,30,36,6
P,30,37,5
P,30,38,7
P,31,1,4
P,31,2,8
P,31,3,5
P,31,4,6
P,31,5,8
P,31,6,10
P,31,7,7
P,31,8,7
P,31,9,5
P,31,10,6
P,31,11,6
P,31,12,4
P,31,13,7
P,31,14,8
P,31,15,6
P,31,16,5
P,31,17,7
P,31,18,8
P,34,29,6
P,34,30,7
P,34,31,5
P,34,32,6
P,34,33,6
P,34,34,6
P,34,35,5
P,35,1,7
P,35,2,7
P,35,3,4
P,35,4,5
P,35,5,5
P,35,6,2
P,35,7,5
P,35,8,5
P,35,9,3
P,35,10,5
P,35,11,10
P,35,12,4
P,35,13,6
P,35,14,7
P,35,15,8
P,35,16,6
P,35,17,6
P,35,18,4
P,35,19,7
P,35,20,5
P,35,21,7
P,35,22,7
P,35,23,6
P,35,24,5
P,35,25,10
P,35,26,4
P,35,27,6
P,35,28,5
P,35,29,10
P,35,30,9
P,35,31,5
P,35,32,5
P,35,33,8
P,35,34,7
P,35,35,10
P,36,1,11
P,36,2,9
P,36,3,7
P,36,4,7
P,36,5,8
P,36,6,7
P,36,7,5
P,36,8,5
P,36,9,8
P,36,10,6
P,36,11,5
P,36,12,7
P,36,13,7
P,36,14,7
P,36,15,6
P,36,16,6
P,36,17,7
P,36,18,5
P,36,19,9
P,36,20,5
P,36,21,5
P,36,22,6
P,36,23,4
P,36,24,9
P,36,25,6
P,36,26,5
P,36,27,5
P,36,28,4
P,36,29,7
P,36,30,6
P,36,31,5
P,36,32,6
P,36,33,5
P,36,34,6
P,36,35,5
P,36,36,10
P,36,37,7
P,36,38,5
P,37,1,6
P,37,2,5
P,37,3,7
P,37,4,4
P,37,5,6
P,37,6,5
P,37,7,5
P,37,8,8
P,37,9,9
P,37,10,5
P,37,11,5
P,37,12,6
P,37,13,5
P,37,14,6
P,37,15,8
P,37,16,5
P,37,17,6
P,37,18,6
P,37,19,7
P,37,20,4
P,37,21,9
P,37,22,5
P,37,23,4
P,37,24,5
P,37,25,7
P,37,26,6
P,37,27,8
P,37,28,4
P,37,29,5
P,38,1,7
P,38,2,5
P,38,3,6
P,38,4,7
P,38,5,7
P,38,6,4
P,38,7,4
P,38,8,8
P,38,9,5
P,38,10,4
P,38,11,4
P,38,12,7
P,38,13,4
P,38,14,5
P,38,15,10
P,38,16,4
P,38,17,7
P,38,18,7
P,38,19,4
P,38,20,6
P,38,21,9
P,38,22,6
P,38,23,7
P,38,24,9
P,38,25,6
P,38,26,8
P,38,27,7
P,38,28,5
P,38,29,7
P,38,30,7
P,38,31,8
P,39,1,5
P,39,2,5
P,39,3,12
P,39,4,5
P,39,5,9
P,39,6,11
P,39,7,5
P,39,8,5
P,39,9,6
P,39,10,6
P,39,11,4
P,39,12,4
P,39,13,5
P,39,14,3
P,39,15,6
P,39,16,6
P,39,17,7
P,39,18,5
P,39,19,6
P,39,20,8
P,39,21,6
P,39,22,5
P,39,23,5
P,39,24,7
P,39,25,6
P,39,26,6
P,39,27,6
P,39,28,5
P,39,29,5
P,39,30,6
P,39,31,6
P,39,32,6
P,39,33,7
P,39,34,8
P,39,35,5
P,39,36,3
P,39,37,5
P,39,38,5
P,39,39,8
P,39,40,9
P,39,41,7
P,39,42,6
P,39,43,5
P,40,1,4
P,40,2,5
P,40,3,7
P,40,4,7
P,40,5,6
P,40,6,7
P,40,7,6
P,40,8,5
P,40,9,9
P,40,10,9
P,40,11,5
P,40,12,8
P,40,13,5
P,40,14,4
P,40,15,5
P,40,16,5
P,40,17,5
P,40,18,7
P,40,19,6
P,40,20,7
P,40,21,6
P,40,22,7
P,40,23,5
P,40,24,6
P,40,25,5
P,40,26,5
P,40,27,4
P,40,28,5
P,40,29,7
P,40,30,6
P,40,31,5
P,40,32,6
P,40,33,6
P,40,34,5
P,40,35,6
P,40,36,5
P,40,37,6
P,40,38,8
P,1,1,5
P,1,2,6
P,1,3,5
P,1,4,7
P,1,5,6
P,1,6,5
P,1,7,8
P,1,8,6
P,1,9,6
P,1,10,5
P,1,11,6
P,1,12,8
P,1,13,5
P,1,14,8
P,1,15,5
P,1,16,7
P,1,17,5
P,1,18,2
P,1,19,5
P,1,20,6
P,1,21,5
P,1,22,3
P,1,23,5
P,1,24,7
P,1,25,5
P,1,26,8
P,1,27,4
P,1,28,8
P,1,29,8
P,1,30,5
P,1,31,3
P,2,1,5
P,2,2,7
P,2,3,5
P,6,9,8
P,6,10,7
P,6,11,4
P,6,12,6
P,6,13,6
P,6,14,7
P,6,15,4
P,6,16,7
P,6,17,7
P,6,18,7
P,6,19,5
P,6,20,4
P,6,21,6
P,6,22,5
P,7,8,8
P,7,9,5
P,7,11,7
P,7,13,7
P,7,14,10
P,7,15,5
P,7,16,4
P,7,21,7
P,7,24,6
P,8,1,6
P,8,2,6
P,8,4,7
P,8,5,4
P,8,7,7
P,8,13,6
P,8,14,6
P,8,15,4
P,8,16,6
P,8,17,4
P,8,18,6
P,8,19,4
P,9,1,6
P,9,2,7
P,9,3,7
P,9,4,4
P,9,5,5
P,9,6,6
P,9,7,6
P,9,8,6
P,9,9,6
P,9,10,8
P,9,11,7
P,9,12,7
P,9,13,7
P,9,14,4
P,9,15,6
P,9,16,9
P,9,17,7
P,10,2,5
P,10,3,4
P,10,4,4
P,10,5,5
P,10,6,5
P,10,7,5
P,10,20,6
P,10,22,4
P,10,23,4
P,10,31,5
P,10,32,5
P,11,28,5
P,11,29,7
P,11,30,4
P,11,31,12
P,12,5,5
P,13,6,7
P,13,12,7
P,16,3,7
P,16,15,7
P,16,16,5
P,17,1,7
P,17,2,6
P,17,3,5
P,17,4,6
P,17,5,6
P,17,6,5
P,17,7,10
P,17,8,6
P,17,9,5
P,17,10,8
P,17,11,6
P,17,12,8
P,17,13,7
P,17,14,5
P,17,15,5
P,17,16,7
P,17,17,7
P,17,18,5
P,17,19,5
P,17,20,8
P,17,21,7
P,17,22,6
P,17,23,7
P,17,24,5
P,17,25,6
P,17,26,5
P,17,27,3
P,19,29,6
P,21,3,7
P,21,4,6
P,21,5,5
P,23,1,5
P,23,2,6
P,23,3,6
P,23,4,5
P,23,5,5
P,23,6,9
P,23,7,7
P,23,8,9
P,23,9,7
P,23,10,6
P,23,11,5
P,23,12,4
P,23,13,7
P,23,14,4
P,23,15,9
P,23,16,8
P,23,17,11
P,23,18,6
P,23,19,5
P,23,20,10
P,25,7,8
P,25,8,6
P,25,9,6
P,25,10,6
P,25,11,6
P,25,13,6
P,25,14,4
P,25,15,5
P,25,16,7
P,25,17,8
P,25,18,6
P,25,20,7
P,26,34,8
P,26,35,4
P,27,46,7
P,28,1,7
P,28,2,5
P,28,3,6
P,28,4,5
P,28,5,8
P,28,6,9
P,28,7,5
P,28,8,6
P,28,9,9
P,31,18,9
P,35,9,5
P,35,10,7
P,35,11,6
P,35,12,6
P,35,13,5
P,35,14,6
P,35,15,7
P,35,23,5
P,35,24,4
P,35,25,5
P,35,26,6
P,35,27,6
P,35,28,6
P,35,29,8
P,36,2,7
P,36,3,5
P,36,4,5
P,36,5,7
P,36,6,5
P,36,7,6
P,36,8,4
P,36,9,4
P,36,10,8
P,36,11,5
P,36,12,8
P,36,13,5
P,36,14,3
P,36,15,6
P,36,16,7
P,36,17,6
P,36,18,8
P,36,19,4
P,36,20,4
P,36,21,4
P,36,22,2
P,36,23,7
P,36,24,7
P,36,25,5
P,36,26,4
P,36,27,5
P,36,28,4
P,36,29,5
P,36,30,5
P,37,1,5
P,41,46,7
P,46,6,9
P,46,7,3
P,46,8,8
P,46,9,4
P,46,10,5
P,46,11,3
P,46,12,6
P,46,13,4
P,46,14,3
P,46,15,5
P,46,16,5
P,46,17,7
P,46,18,8
P,46,19,5
P,46,20,8
P,46,21,6
P,46,22,7
P,46,23,5
P,46,24,4
P,46,25,6
P,46,26,5
P,46,27,7
P,47,28,5
P,48,3,7
P,48,4,6
P,48,5,8
P,48,6,5
P,49,29,7
P,49,30,7
P,49,31,6
P,49,32,5
P,49,33,6
P,50,12,4
P,50,13,9
P,34,7,5
P,34,8,5
P,34,9,9
P,1,1,5
P,1,2,7
P,1,3,7
P,1,4,5
P,1,5,9
P,1,6,4
P,1,7,6
P,1,8,7
P,1,9,6
P,1,10,5
P,1,11,8
P,1,12,10
P,1,13,6
P,1,14,6
P,1,15,6
P,1,16,5
P,1,17,7
P,2,1,6
P,2,2,7
P,2,3,5
P,2,4,10
P,2,5,8
P,2,6,5
P,2,7,4
P,2,8,8
P,2,9,6
P,2,10,5
P,2,11,6
P,2,12,5
P,2,13,6
P,2,14,7
P,2,15,5
P,2,16,6
P,3,1,8
P,3,2,6
P,3,3,4
P,3,4,9
P,3,5,7
P,3,6,6
P,3,7,4
P,3,8,6
P,3,9,10
P,3,10,9
P,3,11,4
P,3,12,4
P,3,13,6
P,3,14,8
P,3,15,9
P,3,16,6
P,3,17,8
P,4,1,4
P,4,2,8
P,4,3,8
P,4,4,6
P,4,5,5
P,4,6,5
P,4,7,8
P,4,8,6
P,4,9,10
P,4,10,5
P,4,11,3
P,4,12,6
P,4,13,6
P,4,14,9
P,4,15,5
P,4,16,6
P,4,17,6
P,4,18,6
P,4,19,5
P,4,20,7
P,4,21,6
P,4,22,6
P,4,23,8
P,4,24,8
P,4,25,6
P,4,26,5
P,4,27,4
P,4,28,10
P,4,29,6
P,4,30,6
P,4,31,7
P,4,32,6
P,4,33,7
P,4,34,5
P,4,35,7
P,5,1,7
P,5,2,12
P,5,3,5
P,5,4,3
P,5,5,6
P,5,6,9
P,5,7,8
P,5,8,7
P,5,9,7
P,5,10,7
P,5,11,5
P,5,12,5
P,5,13,7
P,5,14,4
P,5,15,10
P,5,16,5
P,5,17,8
P,5,18,7
P,5,19,4
P,5,20,4
P,5,21,7
P,5,22,6
P,5,23,9
P,5,24,6
P,5,25,6
P,5,26,6
P,6,1,4
P,6,2,8
P,6,3,9
P,6,4,6
P,6,5,6
P,6,6,4
P,6,7,5
P,6,8,8
P,6,9,4
P,6,10,5
P,6,11,5
P,6,12,4
P,6,13,8
P,6,14,5
P,6,15,4
P,6,16,4
P,6,17,4
P,6,18,7
P,6,19,6
P,6,20,6
P,6,21,6
P,6,22,5
P,6,23,8
P,7,1,4
P,7,2,6
P,7,3,7
P,7,4,10
P,7,5,7
P,7,6,6
P,7,7,6
P,7,8,7
P,7,9,6
P,7,10,6
P,7,11,4
P,7,12,6
P,7,13,5
P,7,14,9
P,7,15,6
P,7,16,4
P,7,17,5
P,7,18,7
P,7,19,7
P,7,20,4
P,7,21,8
P,7,22,4
P,7,23,6
P,7,24,6
P,7,25,5
P,7,26,5
P,7,27,5
P,7,28,4
P,7,29,7
P,7,30,7
P,7,31,5
P,7,32,5
P,7,33,6
P,7,34,7
P,7,35,4
P,7,36,6
P,7,37,5
P,7,38,5
P,8,1,4
P,8,2,7
P,8,3,6
P,8,4,9
P,8,5,5
P,8,6,6
P,8,7,10
P,8,8,6
P,8,9,6
P,8,10,7
P,8,11,8
P,8,12,5
P,8,13,7
P,8,14,6
P,8,15,8
P,8,16,9
P,8,17,5
P,8,18,5
P,8,19,5
P,8,20,7
P,8,21,7
P,8,22,6
P,8,23,6
P,8,24,5
P,8,25,7
P,8,26,7
P,8,27,6
P,8,28,9
P,8,29,7
P,8,30,6
P,8,31,6
P,8,32,6
P,8,33,7
P,8,34,5
P,8,35,6
P,8,36,6
P,9,1,5
P,9,2,9
P,9,3,8
P,9,4,7
P,9,5,7
P,9,6,6
P,9,7,6
P,9,8,6
P,9,9,6
P,9,10,6
P,9,11,5
P,9,12,5
P,9,13,7
P,9,14,5
P,9,15,8
P,9,16,4
P,9,17,6
P,9,18,5
P,9,19,7
P,9,20,5
P,9,21,5
P,9,22,6
P,9,23,8
P,9,24,8
P,10,1,8
P,10,2,6
P,10,3,6
P,10,4,9
P,10,5,5
P,10,6,6
P,10,7,5
P,10,8,4
P,10,9,7
P,10,10,7
P,10,11,6
P,10,12,7
P,10,13,7
P,10,14,8
P,10,15,6
P,10,16,9
P,10,17,6
P,10,18,5
P,10,19,6
P,10,20,5
P,11,1,5
P,11,2,8
P,11,3,4
P,11,4,9
P,11,5,5
P,11,6,7
P,11,7,4
P,11,8,4
P,11,9,6
P,11,10,7
P,11,11,6
P,11,12,6
P,11,13,5
P,11,14,4
P,11,15,4
P,11,16,6
P,11,17,5
P,11,18,4
P,11,19,6
P,11,20,6
P,11,21,8
P,11,22,7
P,11,23,3
P,11,24,5
P,11,25,4
P,11,26,9
P,11,27,6
P,11,28,6
P,11,29,6
P,11,30,3
P,11,31,7
P,11,32,8
P,11,33,6
P,11,34,3
P,11,35,7
P,11,36,5
P,11,37,5
P,11,38,5
P,11,39,7
P,11,40,7
P,11,41,4
P,11,42,8
P,11,43,5
P,11,44,10
P,11,45,2
P,11,46,10
P,11,47,6
P,12,1,4
P,12,2,9
P,12,3,4
P,12,4,6
P,12,5,6
P,12,6,7
P,12,7,6
P,12,8,8
P,13,1,5
P,13,2,11
P,13,3,13
P,13,4,8
P,13,5,6
P,13,6,5
P,13,7,6
P,13,8,7
P,13,9,6
P,13,10,9
P,13,11,4
P,13,12,6
P,13,13,6
P,13,14,4
P,13,15,6
P,13,16,8
P,13,17,7
P,13,18,6
P,13,19,9
P,13,20,6
P,13,21,10
P,13,22,5
P,13,23,5
P,13,24,7
P,13,25,9
P,13,26,7
P,13,27,7
P,13,28,7
P,13,29,6
P,13,30,9
P,13,31,8
P,13,32,8
P,13,33,6
P,13,34,7
P,13,35,4
P,13,36,5
P,13,37,7
P,13,38,5
P,13,39,5
P,13,40,5
P,13,41,5
P,13,42,8
P,13,43,6
P,13,44,4
P,13,45,7
P,13,46,5
P,13,47,5
P,13,48,5
P,13,49,10
P,13,50,5
P,13,51,6
P,13,52,10
P,13,53,6
P,13,54,5
P,13,55,6
P,13,56,7
P,13,57,8
P,13,58,6
P,13,59,10
P,14,1,4
P,14,2,6
P,14,3,6
P,14,4,7
P,14,5,6
P,14,6,7
P,14,7,6
P,14,8,6
P,14,9,8
P,14,10,7
P,14,11,5
P,14,12,5
P,14,13,5
P,14,14,5
P,14,15,5
P,14,16,10
P,14,17,5
P,14,18,7
P,14,19,6
P,14,20,5
P,14,21,8
P,14,22,6
P,14,23,6
P,14,24,5
P,14,25,7
P,14,26,4
P,14,27,6
P,14,28,5
P,14,29,6
P,14,30,5
P,14,31,6
P,14,32,5
P,14,33,5
P,14,34,7
P,14,35,8
P,14,36,9
P,14,37,8
P,14,38,5
P,14,39,7
P,14,40,7
P,14,41,8
P,14,42,9
P,14,43,9
P,14,44,8
P,14,45,6
P,14,46,5
P,14,47,5
P,14,48,7
P,14,49,5
P,14,50,4
P,14,51,8
P,14,52,7
P,14,53,7
P,14,54,5
P,14,55,4
P,14,56,3
P,14,57,5
P,15,1,5
P,15,2,7
P,15,3,7
P,15,4,6
P,15,5,5
P,15,6,8
P,15,7,5
P,15,8,9
P,15,9,5
P,15,10,7
P,15,11,6
P,15,12,6
P,15,13,7
P,15,14,6
P,15,15,5
P,15,16,7
P,15,17,9
P,15,18,9
P,15,19,3
P,15,20,3
P,15,21,5
P,15,22,2
P,15,23,6
P,15,24,7
P,15,25,7
P,15,26,5
P,15,27,5
P,15,28,6
P,15,29,7
P,15,30,5
P,15,31,5
P,15,32,6
P,15,33,7
P,16,1,5
P,16,2,9
P,16,3,4
P,16,4,5
P,16,5,6
P,16,6,8
P,16,7,5
P,16,8,5
P,16,9,6
P,16,10,7
P,16,11,8
P,16,12,7
P,16,13,9
P,16,14,12
P,16,15,7
P,16,16,8
P,16,17,5
P,16,18,9
P,16,19,6
P,16,20,7
P,16,21,9
P,16,22,5
P,16,23,9
P,16,24,10
P,16,25,4
P,16,26,6
P,16,27,7
P,16,28,5
P,16,29,7
P,16,30,5
P,16,31,5
P,16,32,7
P,16,33,6
P,16,34,6
P,17,1,4
P,17,2,6
P,17,3,8
P,17,4,8
P,17,5,8
P,17,6,6
P,17,7,6
P,17,8,8
P,17,9,6
P,17,10,10
P,17,11,7
P,17,12,6
P,17,13,11
P,17,14,8
P,17,15,8
P,17,16,4
P,18,1,4
P,18,2,5
P,18,3,8
P,18,4,6
P,18,5,8
P,18,6,6
P,18,7,5
P,18,8,5
P,18,9,7
P,18,10,6
P,18,11,4
P,18,12,5
P,18,13,5
P,18,14,6
P,18,15,4
P,18,16,5
P,18,17,6
P,18,18,6
P,18,19,5
P,18,20,6
P,18,21,6
P,18,22,4
P,18,23,5
P,18,24,6
P,18,25,6
P,18,26,7
P,18,27,5
P,18,28,5
P,18,29,5
P,18,30,10
P,19,1,4
P,19,2,6
P,19,3,5
P,19,4,5
P,19,5,5
P,19,6,6
P,19,7,5
P,19,8,6
P,19,9,5
P,19,10,6
P,19,11,5
P,19,12,5
P,19,13,7
P,19,14,6
P,19,15,6
P,19,16,5
P,19,17,6
P,19,18,7
P,19,19,6
P,19,20,7
P,19,21,5
P,19,22,8
P,19,23,7
P,19,24,5
P,19,25,4
P,19,26,5
P,19,27,5
P,19,28,6
P,19,29,5
P,19,30,4
P,19,31,6
P,19,32,5
P,19,33,4
P,19,34,7
P,19,35,5
P,19,36,7
P,19,37,6
P,20,1,4
P,20,2,7
P,20,3,7
P,20,4,7
P,20,5,5
P,20,6,6
P,20,7,4
P,20,8,4
P,20,9,7
P,20,10,9
P,20,11,5
P,20,12,6
P,20,13,7
P,20,14,5
P,20,15,6
P,20,16,7
P,20,17,7
P,20,18,7
P,20,19,6
P,20,20,5
P,20,21,4
P,20,22,7
P,20,23,6
P,20,24,9
P,20,25,10
P,20,26,6
P,20,27,6
P,21,1,6
P,21,2,4
P,21,3,4
P,21,4,4
P,21,5,6
P,21,6,5
P,21,7,6
P,21,8,5
P,21,9,5
P,21,10,2
P,21,11,5
P,21,12,5
P,21,13,3
P,21,14,8
P,21,15,4
P,21,16,4
P,21,17,6
P,21,18,5
P,21,19,6
P,21,20,8
P,21,21,8
P,21,22,5
P,21,23,6
P,21,24,6
P,22,1,4
P,22,2,6
P,22,3,6
P,22,4,7
P,22,5,8
P,22,6,7
P,22,7,5
P,22,8,5
P,22,9,7
P,22,10,5
P,22,11,6
P,22,12,5
P,22,13,6
P,22,14,5
P,22,15,5
P,22,16,6
P,22,17,4
P,22,18,7
P,22,19,5
P,22,20,5
P,22,21,7
P,22,22,6
P,22,23,6
P,22,24,4
P,22,25,6
P,22,26,4
P,22,27,6
P,22,28,5
P,22,29,5
P,22,30,6
P,22,31,4
P,22,32,6
P,22,33,4
P,23,1,4
P,23,2,6
P,23,3,7
P,23,4,4
P,23,5,6
P,23,6,5
P,23,7,5
P,23,8,8
P,23,9,4
P,23,10,11
P,23,11,4
P,23,12,6
P,23,13,6
P,23,14,5
P,23,15,7
P,23,16,6
P,23,17,3
P,23,18,8
P,23,19,6
P,23,20,6
P,23,21,7
P,23,22,5
P,23,23,4
P,23,24,9
P,23,25,4
P,23,26,4
P,23,27,5
P,23,28,6
P,23,29,5
P,23,30,10
P,23,31,5
P,23,32,6
P,23,33,4
P,23,34,7
P,23,35,4
P,23,36,6
P,23,37,10
P,23,38,7
P,23,44,4
P,24,1,4
P,24,2,7
P,24,3,5
P,24,4,4
P,24,5,5
P,24,6,6
P,24,7,5
P,24,8,6
P,24,9,7
P,24,10,7
P,24,11,7
P,24,12,7
P,24,13,4
P,24,14,6
P,24,15,6
P,24,16,8
P,24,17,6
P,24,18,5
P,24,19,6
P,24,20,7
P,24,21,4
P,24,22,4
P,24,23,7
P,25,1,4
P,25,2,8
P,25,3,6
P,25,4,6
P,25,5,5
P,25,6,7
P,25,7,4
P,25,8,7
P,25,9,4
P,25,10,9
P,25,11,4
P,25,12,5
P,25,13,5
P,25,14,6
P,25,15,4
P,25,16,5
P,25,17,5
P,25,18,7
P,25,19,4
P,25,20,6
P,25,21,4
P,25,22,7
P,25,23,5
P,25,24,4
P,25,25,6
P,25,26,7
P,25,27,7
P,25,28,5
P,25,29,6
P,25,30,7
P,25,31,6
P,25,32,5
P,25,33,9
P,25,34,5
P,25,35,5
P,25,36,5
P,25,37,4
P,25,38,6
P,25,39,5
P,25,40,6
P,25,41,7
P,25,42,6
P,25,43,4
P,25,44,5
P,25,45,5
P,25,46,8
P,25,47,7
P,25,48,5
P,25,49,5
P,25,50,6
P,25,51,4
P,25,52,7
P,25,53,5
P,25,54,5
P,25,55,3
P,26,1,6
P,26,2,4
P,26,3,5
P,26,4,5
P,26,5,6
P,26,6,8
P,26,7,5
P,26,8,5
P,26,9,5
P,26,10,5
P,26,11,5
P,26,12,5
P,26,13,6
P,26,14,6
P,26,15,7
P,26,16,9
P,26,17,7
P,26,18,7
P,26,19,6
P,26,20,5
P,26,21,5
P,26,22,5
P,26,23,5
P,26,24,3
P,26,25,6
P,26,26,5
P,26,27,4
P,26,28,6
P,26,29,5
P,26,30,8
P,26,31,7
P,26,32,4
P,26,33,4
P,26,34,5
P,26,35,4
P,26,36,4
P,26,37,6
P,26,38,5
P,26,46,7
P,27,1,4
P,27,2,6
P,27,3,7
P,27,4,4
P,27,5,5
P,27,6,6
P,27,7,8
P,27,8,7
P,27,9,4
P,27,10,7
P,27,11,6
P,27,12,5
P,27,13,5
P,27,14,7
P,27,15,4
P,27,16,6
P,27,17,4
P,27,18,6
P,27,19,9
P,27,20,6
P,27,21,4
P,27,22,4
P,27,23,6
P,27,24,7
P,27,25,5
P,27,26,7
P,27,27,6
P,27,28,3
P,27,29,6
P,27,30,5
P,27,31,3
P,27,32,5
P,27,33,6
P,27,34,6
P,1,1,6
P,1,2,7
P,1,3,6
P,1,4,6
P,1,5,8
P,1,6,5
P,1,7,6
P,1,8,4
P,1,9,5
P,1,10,6
P,1,11,5
P,1,12,5
P,1,13,6
P,1,14,5
P,1,15,4
P,1,16,5
P,1,17,5
P,1,18,6
P,1,19,5
P,1,20,3
P,1,21,6
P,1,22,7
P,1,23,4
P,1,24,5
P,1,25,7
P,1,26,6
P,1,27,5
P,1,28,5
P,1,29,4
P,1,30,5
P,1,31,4
P,1,32,8
P,1,33,6
P,1,34,6
P,1,35,4
P,1,36,5
P,1,37,3
P,1,38,6
P,1,39,5
P,1,40,4
P,1,41,5
P,1,42,5
P,1,43,4
P,1,44,6
P,1,45,6
P,1,46,6
P,1,47,4
P,1,48,4
P,1,49,5
P,1,50,8
P,1,51,6
P,1,52,5
P,1,53,7
P,1,54,5
P,2,1,5
P,2,2,7
P,2,3,7
P,2,4,2
P,2,5,7
P,2,6,2
P,2,7,7
P,2,8,6
P,2,9,8
P,2,10,6
P,2,11,2
P,2,12,10
P,2,13,6
P,2,14,5
P,2,15,2
P,2,16,6
P,2,17,5
P,2,18,9
P,2,19,2
P,2,20,6
P,2,21,2
P,2,22,7
P,2,23,2
P,2,24,5
P,2,25,7
P,2,26,4
P,2,27,10
P,2,28,2
P,2,29,7
P,2,30,2
P,2,31,6
P,2,32,7
P,2,33,5
P,2,34,7
P,3,2,5
P,3,3,6
P,3,4,7
P,3,5,4
P,3,6,5
P,3,7,5
P,3,8,5
P,3,9,7
P,3,10,6
P,3,11,4
P,3,12,6
P,3,13,8
P,3,14,4
P,3,15,5
P,3,16,6
P,3,17,6
P,3,18,5
P,3,19,6
P,3,20,6
P,3,21,6
P,3,22,8
P,3,23,4
P,3,24,6
P,3,25,8
P,3,26,8
P,3,27,3
P,3,28,8
P,3,29,3
P,3,30,6
P,3,31,7
P,3,32,5
P,3,33,6
P,3,34,6
P,3,35,7
P,3,36,6
P,3,37,4
P,3,38,12
P,3,39,6
P,3,40,5
P,3,41,5
P,3,42,4
P,3,43,8
P,3,44,4
P,3,45,5
P,3,46,6
P,3,47,5
P,3,48,6
P,3,49,6
P,3,50,6
P,3,51,6
P,4,1,5
P,4,2,5
P,4,3,7
P,4,4,5
P,4,5,7
P,4,6,7
P,4,7,8
P,4,8,7
P,4,9,8
P,4,10,6
P,4,11,6
P,4,12,8
P,4,13,5
P,4,14,9
P,4,15,10
P,4,16,11
P,4,17,5
P,4,18,5
P,4,19,11
P,4,20,5
P,4,21,4
P,4,22,5
P,4,23,7
P,4,24,4
P,4,25,11
P,4,26,8
P,4,27,6
P,4,28,6
P,4,29,6
P,4,30,7
P,4,31,7
P,4,32,7
P,4,33,5
P,4,34,5
P,4,35,6
P,4,36,5
P,4,37,10
P,4,38,5
P,4,39,6
P,4,40,6
P,4,41,10
P,4,42,5
P,4,43,6
P,4,44,5
P,4,45,9
P,4,46,5
P,4,47,7
P,4,48,6
P,4,49,6
P,5,1,4
P,5,2,7
P,5,3,6
P,5,4,6
P,5,5,4
P,5,6,7
P,5,7,10
P,5,8,7
P,5,9,9
P,5,10,4
P,5,11,4
P,5,12,6
P,5,13,6
P,5,14,6
P,5,15,7
P,5,16,6
P,5,17,6
P,5,18,5
P,5,19,8
P,5,20,7
P,5,21,9
P,5,22,7
P,5,23,5
P,5,24,5
P,5,25,6
P,5,26,6
P,5,27,7
P,5,28,5
P,5,29,6
P,5,30,7
P,5,31,5
P,6,1,4
P,6,2,7
P,6,3,8
P,6,4,4
P,6,5,7
P,6,6,5
P,6,7,3
P,6,8,4
P,6,9,9
P,6,10,7
P,6,11,8
P,6,12,7
P,6,13,7
P,6,14,12
P,6,15,6
P,6,16,6
P,6,17,5
P,6,18,6
P,6,19,7
P,6,20,5
P,6,21,8
P,6,22,4
P,6,23,6
P,6,24,3
P,6,25,4
P,6,26,4
P,6,27,4
P,7,1,10
P,7,2,6
P,7,3,7
P,7,4,4
P,7,5,6
P,7,6,5
P,7,7,4
P,7,8,5
P,7,9,4
P,7,10,5
P,7,11,6
P,7,12,8
P,7,13,7
P,7,14,4
P,7,15,6
P,7,16,3
P,7,17,8
P,7,18,5
P,7,19,5
P,7,20,4
P,7,21,6
P,7,22,3
P,7,23,8
P,7,24,6
P,7,25,5
P,7,26,4
P,7,27,6
P,7,28,3
P,7,29,11
P,7,30,6
P,7,31,5
P,7,32,4
P,7,33,6
P,7,34,3
P,7,35,9
P,7,36,7
P,7,37,5
P,7,38,4
P,7,39,6
P,7,40,3
P,7,41,11
P,7,42,7
P,7,43,5
P,7,44,4
P,7,45,6
P,7,46,3
P,7,47,9
P,7,48,7
P,7,49,5
P,7,50,4
P,7,51,6
P,7,52,3
P,7,53,10
P,7,54,4
P,7,55,4
P,7,56,4
P,7,57,6
P,7,58,3
P,7,59,9
P,7,60,7
P,7,61,5
P,7,62,4
P,7,63,6
P,7,64,3
P,7,65,10
P,7,66,4
P,7,67,5
P,7,68,4
P,7,69,6
P,7,70,3
P,7,71,8
P,7,72,7
P,7,73,5
P,7,74,4
P,7,75,6
P,7,76,3
P,7,77,12
P,7,78,6
P,7,79,5
P,7,80,4
P,7,81,6
P,7,82,3
P,7,83,8
P,7,84,11
P,7,85,5
P,7,86,11
P,7,87,7
P,7,88,11
P,7,89,9
P,8,1,4
P,8,2,9
P,8,3,6
P,8,4,3
P,8,5,4
P,8,6,5
P,8,7,6
P,8,8,9
P,8,9,6
P,8,10,5
P,8,11,5
P,8,12,6
P,8,13,5
P,8,14,4
P,8,15,6
P,8,16,7
P,8,17,5
P,8,18,5
P,8,19,7
P,8,20,5
P,8,21,5
P,8,22,8
P,8,23,4
P,8,24,7
P,8,25,5
P,8,26,7
P,9,1,6
P,9,2,4
P,9,3,5
P,9,4,4
P,9,5,8
P,9,6,8
P,9,7,6
P,9,8,6
P,9,9,4
P,9,10,10
P,9,11,6
P,9,12,5
P,9,13,6
P,9,14,7
P,10,1,4
P,10,2,8
P,10,3,5
P,10,4,6
P,10,5,5
P,10,6,5
P,10,7,5
P,10,8,5
P,10,9,6
P,10,10,6
P,10,11,5
P,10,12,5
P,10,14,8
P,10,15,6
P,10,16,7
P,10,17,4
P,10,18,8
P,10,19,7
P,10,20,7
P,10,21,6
P,10,22,8
P,10,23,5
P,10,24,7
P,10,25,10
P,10,26,8
P,10,27,6
P,13,1,4
P,13,2,6
P,13,3,9
P,13,4,5
P,13,5,5
P,13,6,6
P,13,7,6
P,13,8,6
P,13,9,5
P,13,10,6
P,13,11,6
P,13,12,7
P,13,13,6
P,13,14,6
P,13,15,6
P,13,16,9
P,13,21,6
P,13,22,7
P,13,25,4
P,13,26,7
P,13,32,8
P,14,1,5
P,14,2,6
P,14,3,5
P,14,5,6
P,14,6,6
P,14,7,8
P,14,8,7
P,14,9,9
P,14,10,6
P,14,26,5
P,14,27,8
P,14,28,5
P,14,29,6
P,14,30,8
P,14,31,8
P,14,32,4
P,14,33,6
P,14,34,6
P,14,35,6
P,14,36,8
P,14,37,7
P,14,38,6
P,14,39,4
P,15,32,6
P,15,33,6
P,15,34,4
P,15,35,5
P,15,36,6
P,15,37,4
P,15,38,9
P,15,39,6
P,15,40,6
P,15,41,6
P,16,1,12
P,16,3,7
P,16,4,6
P,16,5,5
P,16,6,6
P,16,7,9
P,16,8,6
P,16,9,7
P,16,10,6
P,16,11,6
P,16,15,6
P,16,16,6
P,16,17,7
P,16,18,6
P,16,19,6
P,16,20,5
P,16,21,4
P,16,22,6
P,16,23,4
P,16,24,6
P,16,26,6
P,16,27,4
P,16,35,4
P,17,1,4
P,17,2,8
P,17,3,8
P,17,4,5
P,17,5,6
P,17,6,7
P,17,7,7
P,17,8,6
P,17,9,4
P,17,10,6
P,17,11,8
P,17,12,7
P,17,13,5
P,17,14,7
P,17,15,6
P,17,16,4
P,17,17,8
P,17,18,5
P,17,19,5
P,17,20,8
P,17,21,6
P,17,22,5
P,17,23,7
P,17,24,5
P,17,25,5
P,17,26,4
P,17,27,5
P,17,28,6
P,18,1,5
P,18,2,7
P,18,3,6
P,18,4,7
P,18,5,6
P,18,6,7
P,18,7,10
P,18,8,7
P,18,9,11
P,18,10,7
P,18,11,3
P,18,12,5
P,18,13,5
P,18,14,5
P,18,15,10
P,18,16,6
P,18,17,6
P,18,18,4
P,18,19,7
P,18,20,6
P,18,21,8
P,18,22,5
P,18,23,7
P,18,24,6
P,18,25,4
P,18,26,6
P,18,27,6
P,18,28,7
P,18,29,4
P,18,30,7
P,18,31,7
P,18,32,6
P,19,1,5
P,19,2,11
P,19,3,6
P,19,4,7
P,19,5,6
P,19,6,6
P,19,7,6
P,19,8,7
P,19,9,8
P,19,10,6
P,19,11,6
P,19,12,6
P,19,13,8
P,19,14,6
P,19,15,5
P,19,16,8
P,19,17,7
P,19,18,8
P,19,19,7
P,19,20,6
P,19,21,7
P,19,22,6
P,20,2,7
P,20,3,6
P,20,4,5
P,20,5,5
P,20,6,6
P,20,7,4
P,20,8,6
P,20,9,4
P,20,10,8
P,20,11,7
P,20,12,7
P,20,13,6
P,20,23,7
P,20,24,8
P,20,25,7
P,20,26,8
P,20,27,6
P,20,28,4
P,20,29,6
P,25,6,6
P,25,7,6
P,25,8,6
P,25,9,6
P,25,10,4
P,25,11,5
P,25,12,5
P,25,13,8
P,25,14,9
P,25,15,9
P,25,16,4
P,25,17,4
P,25,18,8
P,26,1,6
P,26,2,7
P,26,3,5
P,26,4,7
P,26,5,5
P,26,6,5
P,26,7,7
P,26,8,3
P,26,12,6
P,26,13,5
P,26,14,5
P,26,15,7
P,26,16,5
P,26,17,5
P,26,18,5
P,26,19,5
P,26,20,6
P,26,21,6
P,26,22,5
P,26,23,5
P,26,24,4
P,26,25,5
P,26,26,6
P,26,27,3
P,26,28,4
P,26,29,8
P,26,30,6
P,26,31,6
P,26,32,7
P,26,33,7
P,26,34,5
P,26,35,10
P,26,36,6
P,26,37,5
P,26,38,8
P,26,39,6
P,26,40,6
P,26,41,6
P,26,42,2
P,26,43,6
P,26,44,7
P,26,45,7
P,26,46,5
P,26,47,5
P,26,48,6
P,26,49,5
P,26,50,3
P,26,51,5
P,26,52,4
P,26,53,4
P,26,54,7
P,26,55,6
P,26,56,6
P,26,57,7
P,26,58,14
P,26,59,8
P,26,60,6
P,26,61,7
P,26,62,7
P,26,63,5
P,26,64,7
P,26,65,9
P,27,1,11
P,27,2,6
P,27,3,7
P,27,4,6
P,27,5,4
P,27,6,4
P,27,7,6
P,27,8,8
P,27,9,5
P,27,10,5
P,27,11,6
P,27,12,7
P,27,13,6
P,27,14,8
P,27,15,4
P,27,16,4
P,27,17,9
P,27,18,6
P,27,19,5
P,27,20,6
P,27,21,7
P,27,22,6
P,27,23,6
P,30,1,5
P,30,2,6
P,30,3,6
P,30,4,5
P,30,5,8
P,30,6,7
P,30,7,6
P,30,8,7
P,30,9,9
P,30,10,6
P,30,11,4
P,30,12,7
P,30,13,8
P,30,14,6
P,30,15,7
P,30,16,6
P,30,17,7
P,31,1,4
P,31,2,5
P,31,3,8
P,31,4,4
P,31,5,7
P,31,6,7
P,31,7,7
P,31,8,6
P,31,9,5
P,31,10,4
P,31,11,6
P,31,12,11
P,31,13,6
P,31,14,7
P,31,15,6
P,31,16,6
P,31,17,6
P,31,18,7
P,31,19,7
P,31,20,5
P,31,21,6
P,31,22,6
P,31,23,8
P,31,24,5
P,31,25,4
P,31,26,8
P,31,27,7
P,31,28,11
P,31,29,5
P,31,30,8
P,31,31,5
P,31,32,9
P,31,33,4
P,31,34,5
P,31,35,7
P,31,36,10
P,31,37,6
P,31,38,2
P,31,39,3
P,31,40,3
P,31,41,5
P,31,42,6
P,31,43,6
P,31,44,4
P,31,45,4
P,31,46,6
P,31,47,7
P,31,48,5
P,31,49,6
P,31,50,10
P,31,51,4
P,31,52,8
P,31,53,4
P,31,54,8
P,32,1,7
P,32,2,6
P,32,3,5
P,32,4,6
P,32,5,7
P,32,6,5
P,32,7,7
P,32,8,5
P,32,9,6
P,32,10,5
P,32,11,6
P,32,12,6
P,32,13,6
P,32,14,7
P,32,15,6
P,32,16,6
P,32,17,7
P,32,18,5
P,32,19,5
P,32,20,5
P,32,21,5
P,32,22,7
P,32,23,7
P,32,24,7
P,32,25,5
P,32,26,7
P,32,27,5
P,32,28,6
P,32,29,7
P,32,30,5
P,32,31,6
P,32,32,5
P,32,33,8
P,32,34,5
P,32,35,4
P,32,36,5
P,32,37,5
P,32,38,9
P,32,39,6
P,32,40,6
P,32,41,6
P,32,42,6
P,33,50,5
P,33,51,7
P,33,52,6
P,33,53,5
P,33,54,7
P,33,55,4
P,33,56,5
P,34,1,4
P,34,2,8
P,34,3,9
P,34,4,6
P,34,5,4
P,34,6,6
P,34,7,6
P,34,8,5
P,34,9,4
P,34,10,4
P,34,11,6
P,34,12,6
P,34,13,6
P,34,14,5
P,34,15,5
P,34,16,4
P,34,17,8
P,34,18,5
P,34,19,5
P,34,20,7
P,34,21,7
P,34,22,7
P,34,23,7
P,34,24,3
P,34,25,7
P,34,26,7
P,34,27,7
P,34,28,7
P,34,29,8
P,35,1,5
P,35,2,9
P,35,3,6
P,35,4,6
P,35,5,8
P,35,6,7
P,35,7,6
P,35,8,4
P,35,9,4
P,35,10,7
P,35,11,8
P,35,12,7
P,35,13,6
P,35,14,5
P,35,15,5
P,35,16,3
P,35,17,3
P,35,18,7
P,35,19,5
P,35,20,4
P,35,21,7
P,35,22,6
P,35,23,7
P,35,24,5
P,35,25,9
P,35,26,6
P,35,27,5
P,35,28,6
P,35,29,2
P,35,30,7
P,35,31,9
P,35,32,6
P,35,33,6
P,35,34,6
P,36,1,10
P,36,2,7
P,36,3,9
P,36,4,3
P,36,5,6
P,36,6,8
P,36,7,6
P,36,8,7
P,36,9,6
P,36,10,5
P,36,11,7
P,36,12,8
P,36,13,7
R,1,1,5
R,1,2,3
R,1,3,3
R,1,4,3
R,1,5,6
R,6,13,6
R,6,26,8
R,6,27,5
R,6,28,6
R,6,29,6
R,6,30,4
R,9,35,5
R,10,20,5
R,10,27,4
R,11,9,5
R,11,10,6
R,12,37,9
R,12,50,6
R,12,51,6
R,13,20,5
R,15,19,7
R,15,22,6
R,15,27,6
R,16,1,8
R,17,1,7
R,19,2,6
R,2,4,7
R,5,1,6
R,5,2,5
R,5,3,6
R,5,4,7
R,5,5,7
R,5,6,5
R,5,7,6
R,5,8,5
R,5,9,5
R,5,10,6
R,5,11,5
R,5,12,5
R,5,13,5
R,5,14,5
R,5,15,4
R,5,16,7
R,5,17,5
R,5,18,5
R,5,19,8
R,5,20,7
R,5,21,5
R,5,22,6
R,5,23,6
R,5,24,4
R,5,25,5
R,5,26,6
R,5,27,5
R,5,28,6
R,5,30,7
R,5,31,6
R,5,32,6
R,7,6,5
R,9,28,4
R,9,29,5
R,10,1,8
R,11,10,8
R,11,11,6
R,11,12,6
R,11,13,6
R,11,14,5
R,11,15,7
R,11,16,5
R,11,17,6
R,11,18,5
R,11,19,6
R,11,20,3
R,11,21,6
R,11,22,5
R,11,23,5
R,11,24,5
R,11,25,7
R,11,26,6
R,11,27,6
R,11,32,5
R,22,11,6
R,22,12,7
R,22,13,8
R,22,14,7
R,22,15,6
R,22,16,6
R,25,5,5
R,25,6,6
R,25,12,6
R,25,19,6
R,36,1,4
R,37,2,8
R,48,7,6
R,49,28,8
R,23,39,8
R,23,40,8
R,23,41,6
R,23,42,5
R,23,43,5
R,26,39,6
R,26,40,5
R,26,41,6
R,26,42,4
R,26,43,6
R,26,44,9
R,26,45,7
R,3,1,8
R,9,15,10
R,9,16,5
R,9,17,7
R,9,18,9
R,9,19,7
R,9,20,10
R,9,21,6
R,9,22,5
R,9,23,6
R,10,13,6
R,10,28,4
R,15,1,4
R,15,2,8
R,15,3,9
R,15,4,2
R,15,5,5
R,15,6,6
R,15,7,7
R,15,8,7
R,15,9,5
R,15,10,7
R,15,11,6
R,15,12,5
R,15,13,5
R,15,14,6
R,15,15,7
R,15,16,5
R,15,17,4
R,15,18,7
R,15,19,5
R,15,20,3
R,15,21,3
R,15,22,6
R,15,23,7
R,15,24,8
R,15,25,7
R,15,26,6
R,15,27,5
R,15,28,7
R,15,29,7
R,15,30,6
R,15,31,8
R,20,1,7
R,20,22,6
R,21,4,8
R,21,10,4
R,21,11,6
R,21,12,5
R,21,13,8
R,21,14,6
R,21,15,7
R,21,16,7
R,21,17,7
R,21,18,6
R,21,19,4
R,21,20,8
R,22,1,5
R,26,9,8
R,26,10,6
R,26,11,4
R,28,1,4
R,28,2,8
R,28,3,7
R,28,4,5
R,28,5,5
R,28,6,6
R,28,7,5
R,28,8,5
R,28,9,5
R,28,10,7
R,28,11,7
R,28,12,4
R,28,13,7
R,28,14,10
R,28,15,4
R,28,16,5
R,28,17,5
R,28,18,4
R,28,19,6
R,28,20,5
R,28,21,6
R,28,22,5
R,28,23,5
R,28,24,6
R,28,25,6
R,28,26,6
R,28,27,6
R,28,28,4
R,28,29,6
R,28,30,4
R,28,31,4
R,29,1,8
R,29,2,7
R,29,3,4
R,29,4,7
R,29,5,4
R,29,6,4
R,29,7,6
R,29,8,6
R,29,9,4
R,29,10,6
R,29,11,7
R,29,12,7
R,29,13,4
R,29,14,4
R,29,15,6
R,29,16,4
R,29,17,7
R,29,18,7
R,29,19,5
R,29,20,9
R,29,21,7
R,29,22,7
R,29,23,6
R,29,24,7
R,29,25,4
R,29,26,8
R,29,27,7
R,29,28,7
R,29,29,8
R,29,30,7
R,29,31,5
R,29,32,5
R,29,33,7
R,29,34,4
R,29,35,5
R,29,36,5
R,29,37,4
R,29,38,7
R,29,39,6
R,33,1,5
R,33,2,6
R,33,3,6
R,33,4,7
R,33,5,4
R,33,6,6
R,33,7,7
R,33,8,5
R,33,9,6
R,33,10,6
R,33,11,6
R,33,12,5
R,33,13,4
R,33,14,5
R,33,15,5
R,33,16,5
R,33,17,5
R,33,18,4
R,33,19,4
R,33,20,4
R,33,21,4
R,33,22,4
R,33,23,6
R,33,24,4
R,33,25,4
R,33,26,4
R,33,27,4
R,33,28,4
R,33,29,4
R,33,30,4
R,33,31,5
R,33,32,5
R,33,33,4
R,33,34,4
R,33,35,5
R,33,36,6
R,33,37,6
R,33,38,6
R,33,39,5
R,33,40,5
R,33,41,4
R,33,42,4
R,33,43,4
R,33,44,5
R,33,45,5
R,33,46,5
R,33,47,5
R,33,48,6
R,33,49,5
J,1,6,5
J,1,22,6
J,2,1,6
J,2,2,5
J,2,3,5
J,2,4,5
J,2,5,6
J,2,6,6
J,2,7,7
J,2,8,6
J,2,9,7
J,2,10,7
J,2,11,8
J,2,12,7
J,2,13,5
J,2,14,7
J,2,15,7
J,2,16,6
J,2,17,6
J,2,18,5
J,2,19,5
J,2,20,5
J,2,21,6
J,2,22,7
J,2,23,9
J,3,2,8
J,3,3,6
J,3,4,7
J,3,5,8
J,3,7,7
J,3,8,9
J,3,19,6
J,3,20,9
J,3,21,6
J,3,22,7
J,4,19,6
J,4,20,6
J,4,24,6
J,4,25,7
J,4,26,4
J,5,1,6
J,5,2,6
J,13,21,7
J,13,22,6
J,14,5,7
J,14,6,5
J,14,7,6
J,14,9,8
J,14,13,8
J,14,14,4
J,14,24,7
J,14,30,5
J,14,31,8
J,15,1,9
J,15,2,4
J,15,3,4
J,15,4,7
J,15,5,6
J,15,6,3
J,15,7,4
J,15,8,7
J,15,9,5
J,15,10,6
J,15,11,5
J,15,12,4
J,15,13,5
J,15,14,7
J,15,15,6
J,15,16,6
J,15,17,6
J,15,18,4
J,15,23,5
J,15,24,5
J,15,25,6
J,16,4,7
J,16,5,9
J,19,10,5
J,19,11,6
J,19,12,8
J,19,13,6
J,19,14,5
J,19,15,6
J,19,16,4
J,19,18,6
J,19,20,5
J,19,21,6
J,19,22,6
J,19,23,6
J,19,24,6
J,19,25,5
J,34,1,8
J,34,2,7
J,34,3,6
J,34,4,7
J,34,5,4
J,34,6,7
J,34,7,11
J,34,8,4
J,34,9,7
J,34,10,7
J,34,11,6
J,34,12,7
J,34,13,4
J,34,14,6
J,34,15,5
J,34,16,5
J,34,17,4
J,34,18,7
J,34,19,5
J,34,20,5
J,34,21,5
J,34,22,6
J,34,23,6
J,34,24,6
J,34,25,6
J,34,26,5
J,34,27,5
J,34,28,7
J,2,5,8
J,2,6,6
J,2,7,6
J,2,8,6
J,2,9,7
J,2,10,5
J,2,11,5
J,2,12,6
J,2,13,5
J,2,14,5
J,2,15,5
J,2,16,5
J,2,17,5
J,2,18,5
J,2,19,10
J,2,20,5
J,2,21,6
J,2,22,5
J,2,23,6
J,2,24,5
J,2,25,4
J,3,1,4
J,3,2,6
J,3,3,6
J,3,4,4
J,3,5,6
J,3,6,9
J,3,7,9
J,3,8,6
J,3,9,5
J,3,10,7
J,3,11,8
J,3,12,5
J,3,13,5
J,3,14,9
J,3,15,7
J,3,16,7
J,3,17,10
J,3,18,5
J,3,19,8
J,3,20,4
J,3,21,4
J,3,22,7
J,3,23,6
J,3,24,8
J,4,1,5
J,4,2,8
J,4,3,5
J,4,4,6
J,4,5,6
J,4,6,5
J,4,7,7
J,4,8,6
J,4,9,5
J,4,10,7
J,4,11,7
J,4,12,6
J,4,13,6
J,4,14,6
J,4,15,8
J,4,16,5
J,4,17,6
J,4,18,9
J,4,19,5
J,4,20,6
J,4,21,5
J,4,22,8
J,4,23,7
J,4,24,6
J,4,25,5
J,4,26,6
J,5,29,7
J,6,1,4
J,6,2,6
J,6,3,5
J,6,4,7
J,6,5,8
J,6,6,6
J,6,7,8
J,6,8,4
J,7,1,5
J,7,2,6
J,7,3,5
J,7,4,7
J,7,5,4
J,7,7,6
J,7,10,4
J,7,12,6
J,7,17,7
J,7,18,5
J,7,19,6
J,7,20,4
J,7,22,5
J,7,23,6
J,8,3,6
J,8,6,7
J,8,8,5
J,8,9,5
J,8,10,6
J,8,11,8
J,8,12,6
J,8,20,8
J,8,21,8
J,8,22,6
J,9,18,3
J,9,19,5
J,9,20,5
J,9,21,6
J,9,22,6
J,9,23,7
J,9,24,7
J,9,25,5
J,9,26,4
J,9,27,6
J,10,8,5
J,10,9,6
J,10,10,7
J,10,11,7
J,10,12,3
J,10,13,7
J,10,14,7
J,10,15,5
J,10,16,4
J,10,17,5
J,10,18,4
J,10,19,9
J,10,21,5
J,10,24,5
J,10,25,5
J,10,26,8
J,10,27,4
J,10,28,6
J,10,29,5
J,10,30,6
J,11,1,5
J,11,2,6
J,11,3,6
J,11,4,6
J,11,5,7
J,11,6,5
J,11,7,9
J,11,8,5
J,11,9,5
J,12,1,5
J,12,2,5
J,12,3,5
J,12,4,9
J,12,6,6
J,12,7,8
J,12,8,8
J,12,9,4
J,12,10,5
J,12,11,9
J,12,12,5
J,12,13,6
J,12,14,6
J,12,15,5
J,12,16,6
J,12,17,6
J,12,18,7
J,12,19,4
J,12,20,8
J,13,1,4
J,13,2,4
J,13,3,6
J,13,4,7
J,13,5,7
J,13,7,7
J,13,8,7
J,13,9,5
J,13,10,10
J,13,11,9
J,13,13,4
J,13,14,8
J,13,15,7
J,13,16,6
J,13,17,7
J,13,18,6
J,14,1,9
J,14,2,7
J,14,3,6
J,14,4,5
J,14,5,7
J,14,6,5
J,14,7,8
J,14,8,7
J,14,9,8
J,14,10,7
J,14,11,6
J,14,12,7
J,14,13,6
J,14,14,8
J,14,15,8
J,14,16,6
J,14,17,5
J,14,18,5
J,14,19,6
J,14,20,6
J,14,21,7
J,14,22,6
J,14,23,4
J,14,24,5
J,15,1,8
J,15,2,5
J,15,3,6
J,15,4,7
J,15,5,7
J,15,6,4
J,15,7,6
J,15,8,5
J,15,9,6
J,15,10,8
J,15,11,5
J,15,12,6
J,15,13,9
J,15,14,7
J,15,15,5
J,15,16,6
J,15,17,6
J,15,18,8
J,15,19,4
J,15,20,5
J,15,21,4
J,16,1,5
J,16,2,6
J,16,4,6
J,16,5,8
J,16,6,5
J,16,7,7
J,16,8,6
J,16,9,5
J,16,10,7
J,16,11,8
J,16,12,5
J,16,13,6
J,16,14,7
J,18,1,5
J,18,2,8
J,18,3,6
J,18,4,5
J,18,5,8
J,18,6,6
J,18,7,6
J,18,8,7
J,18,9,5
J,18,10,6
J,18,11,6
J,18,12,7
J,18,13,5
J,18,14,6
J,18,15,6
J,18,16,5
J,18,17,5
J,18,18,6
J,18,19,9
J,18,20,6
J,18,21,5
J,18,22,6
J,18,23,8
J,18,24,8
J,18,25,8
J,18,26,6
J,18,27,7
J,18,28,6
J,18,29,6
J,18,30,6
J,18,31,6
J,18,32,6
J,18,33,7
J,19,1,6
J,19,2,6
J,19,3,5
J,19,4,7
J,19,5,7
J,19,6,4
J,19,7,4
J,19,8,11
J,19,9,7
J,19,10,5
J,19,11,6
J,19,12,6
J,19,13,2
J,19,14,10
J,19,15,10
J,19,16,1
J,19,17,7
J,19,18,4
J,19,19,8
J,19,20,6
J,19,21,5
J,19,22,5
J,19,23,4
J,19,24,7
J,19,25,6
J,19,26,4
J,19,27,6
J,19,28,6
J,19,30,8
J,19,31,8
J,19,32,5
J,19,33,8
J,19,34,8
J,19,35,7
J,19,36,5
J,19,37,5
J,19,38,8
J,21,1,6
J,21,2,6
J,21,7,6
J,22,20,7
J,22,21,6
J,22,22,5
J,22,23,6
J,22,24,3
J,24,1,6
J,24,2,8
J,24,3,8
J,24,4,6
J,24,5,7
J,24,6,5
J,24,7,10
J,24,8,5
J,24,9,5
J,24,10,6
J,24,11,6
J,24,12,8
J,24,13,6
J,24,14,8
J,24,15,9
J,24,16,5
J,24,17,6
J,24,18,6
J,24,19,6
J,24,20,6
J,24,21,7
J,24,22,3
J,24,23,5
J,24,24,6
J,24,25,5
J,24,26,4
J,24,27,5
J,24,28,5
J,24,29,3
J,24,30,7
J,24,31,6
J,24,32,10
J,24,33,6
J,24,34,4
J,24,35,8
J,24,36,6
J,24,37,7
J,24,38,5
J,24,39,4
J,24,40,6
J,24,41,6
J,24,42,7
J,24,43,8
J,24,44,7
J,24,45,6
J,24,46,7
J,24,47,8
J,24,48,8
J,24,49,8
J,24,50,7
J,24,51,5
J,24,52,5
J,24,53,6
J,24,54,3
J,24,55,5
J,24,56,5
J,24,57,5
J,24,58,7
J,24,59,5
J,24,60,7
J,24,61,7
J,24,62,5
J,24,63,5
J,24,64,6
J,24,65,6
J,24,66,5
J,24,67,6
J,25,21,8
J,25,22,8
J,25,23,6
J,25,24,6
J,25,25,4
J,25,26,11
J,25,27,8
J,25,28,5
J,25,29,5
J,25,30,5
J,25,31,4
J,25,32,6
J,25,33,6
J,25,34,7
J,26,1,6
J,26,2,6
J,26,3,7
J,26,4,5
J,26,5,8
J,26,6,3
J,26,7,4
J,26,8,6
J,26,9,6
J,26,10,5
J,26,11,7
J,26,12,5
J,26,13,7
J,26,14,7
J,26,15,3
J,26,16,5
J,26,17,4
J,26,18,9
J,26,19,6
J,26,20,6
J,26,21,7
J,26,22,9
J,26,23,4
J,26,24,6
J,26,25,5
J,26,26,5
J,26,27,6
J,26,28,10
J,26,29,6
J,26,30,4
J,26,31,5
J,26,32,9
J,26,33,6
J,27,1,6
J,27,2,5
J,27,3,4
J,27,4,7
J,27,5,6
J,27,6,6
J,27,7,5
J,27,8,4
J,27,9,6
J,27,10,5
J,27,11,5
J,27,12,6
J,27,13,5
J,27,14,4
J,27,15,7
J,27,16,6
J,27,17,7
J,27,18,6
J,27,19,5
J,27,20,6
J,27,21,6
J,27,22,8
J,27,23,5
J,27,24,4
J,27,25,4
J,27,26,6
J,27,27,7
J,27,28,5
J,27,29,6
J,27,30,7
J,27,31,7
J,27,32,4
J,27,33,8
J,27,34,7
J,27,35,4
J,27,36,6
J,27,37,6
J,27,38,5
J,27,39,7
J,27,40,5
J,27,41,8
J,27,42,9
J,27,43,6
J,27,44,4
J,27,45,5
J,28,10,4
J,28,11,11
J,28,13,7
J,28,14,6
J,28,15,7
J,28,16,6
J,28,19,6
J,29,1,5
J,29,2,6
J,29,3,8
J,29,4,4
J,29,5,6
J,29,6,5
J,29,7,5
J,29,8,7
J,29,9,5
J,29,10,9
J,29,11,5
J,29,12,6
J,29,13,9
J,29,14,4
J,29,15,5
J,29,16,5
J,29,17,4
J,29,18,6
J,29,19,3
J,29,20,6
J,29,21,6
J,29,22,4
J,29,23,5
J,29,24,4
J,29,25,7
J,29,26,5
J,29,27,8
J,29,28,6
J,29,29,5
J,29,30,6
J,29,31,6
J,29,32,6
J,29,33,7
J,29,34,6
J,29,35,5
J,30,1,6
J,30,4,6
J,30,25,8
J,30,26,10
J,30,27,4
J,30,28,4
J,30,29,6
J,30,30,5
J,30,31,6
J,30,32,8
J,30,33,6
J,30,34,3
J,30,35,5
J,30,36,7
J,30,37,7
J,30,38,7
J,30,39,6
J,30,40,7
J,30,41,6
J,30,42,5
J,30,43,5
J,31,3,4
J,31,17,6
J,31,49,6
J,32,4,5
J,32,5,8
J,32,6,8
J,32,7,7
J,32,8,8
J,32,9,5
J,32,10,6
J,32,11,9
J,32,12,7
J,32,13,6
J,34,1,7
J,34,2,6
J,34,3,6
J,34,4,6
J,34,5,5
J,34,6,6
J,34,7,8
J,34,8,6
J,34,9,5
J,34,10,5
J,34,11,5
J,34,12,6
J,34,13,6
J,34,14,8
J,34,15,4
J,34,16,7
J,34,17,5
J,34,18,8
J,34,19,7
J,34,20,5
J,34,21,11
J,34,22,8
J,34,23,5
J,34,24,7
J,34,25,14
J,34,26,5
J,34,27,6
J,34,28,6
J,34,29,7
J,34,30,5
J,34,31,5
J,35,21,6
J,35,22,7
J,36,31,8
J,36,32,6
J,36,33,5
J,36,34,6
J,36,35,7
J,36,36,4
J,36,37,6
J,36,38,8
J,36,39,9
J,36,40,2
J,36,41,4
J,36,42,5
J,36,43,7
J,37,5,5
J,37,6,5
J,37,7,5
J,37,8,9
J,37,9,6
J,37,10,6
J,37,11,5
J,37,19,6
J,37,20,9
J,37,23,6
J,37,26,6
J,37,27,6
J,37,31,6
J,37,32,6
J,37,33,6
J,37,34,6
J,37,35,7
J,38,1,7
J,38,2,4
J,38,3,6
J,38,4,5
J,38,5,6
J,38,6,4
J,38,7,5
J,38,8,6
J,38,9,6
J,38,10,8
J,38,11,9
J,38,12,6
J,38,13,5
J,38,14,8
J,38,15,3
J,38,16,8
J,38,17,7
J,38,18,7
J,38,19,6
J,38,20,6
J,38,21,5
J,38,22,6
J,38,23,5
J,38,24,6
J,38,25,7
J,38,26,7
J,38,27,3
J,38,28,8
J,38,29,9
J,38,30,5
J,39,1,7
J,39,2,4
J,39,3,6
J,39,4,5
J,39,5,7
J,39,6,11
J,39,7,6
J,39,8,6
J,39,9,6
J,39,10,6
J,39,11,8
J,39,12,3
J,39,13,5
J,39,14,9
J,39,15,6
J,39,16,5
J,39,17,7
J,39,18,5
J,39,19,7
J,39,20,8
J,39,21,7
J,39,22,6
J,39,23,5
J,42,1,5
J,42,2,8
J,42,3,5
J,42,4,6
J,42,8,4
J,42,9,10
J,42,10,5
J,42,11,6
J,42,12,4
J,42,13,6
J,42,14,6
J,42,15,5
J,42,16,6
J,42,17,4
J,42,18,5
J,42,19,5
J,42,20,6
J,42,26,5
J,42,27,7
J,42,28,7
J,42,29,6
J,42,30,5
J,42,31,4
J,42,32,6
J,42,33,8
J,42,34,6
J,42,38,11
J,43,1,4
J,43,2,7
J,43,3,6
J,43,4,4
J,43,5,5
J,43,6,7
J,43,7,8
J,43,8,6
J,43,9,7
J,43,10,5
J,43,11,7
J,43,12,6
J,43,13,7
J,43,15,6
J,43,16,8
J,43,17,7
J,43,24,6
J,43,25,6
J,43,26,6
J,43,27,6
J,43,28,4
J,43,29,7
J,43,30,6
J,43,31,6
J,43,32,7
J,43,33,7
J,43,34,5
J,44,1,8
J,44,2,6
J,44,3,3
J,44,4,8
J,44,5,5
J,44,6,4
J,44,7,6
J,44,8,7
J,44,9,5
J,44,10,6
J,44,11,5
J,44,12,6
J,44,13,6
J,44,14,5
J,44,15,5
J,44,16,6
J,44,17,7
J,44,18,7
J,44,19,6
J,44,20,6
J,44,21,5
J,44,22,7
J,44,23,6
J,44,24,7
J,44,25,5
J,44,26,7
J,44,27,6
J,44,28,7
J,44,29,5
J,44,30,5
J,44,31,7
J,44,32,7
J,44,33,5
J,44,34,6
J,45,1,8
J,45,2,5
J,45,4,6
J,45,5,5
J,45,6,5
J,45,7,6
J,45,8,7
J,45,9,8
J,45,10,4
J,45,11,3
J,45,12,4
J,45,13,7
J,45,14,6
J,45,15,5
J,45,16,7
J,45,17,6
J,45,18,6
J,45,19,6
J,45,20,6
J,45,21,7
J,45,22,6
J,45,23,6
J,45,24,6
J,45,25,4
J,45,26,7
J,45,27,9
J,45,28,5
J,46,28,4
J,46,29,7
J,46,30,6
J,46,31,6
J,46,32,5
J,46,33,5
J,46,34,8
J,47,1,6
J,47,2,5
J,47,3,7
J,47,4,7
J,47,5,4
J,47,6,10
J,47,11,6
J,47,12,6
J,47,13,7
J,47,14,9
J,47,15,8
J,47,16,5
J,47,17,8
J,47,18,8
J,47,19,4
J,47,20,7
J,47,21,5
J,47,22,7
J,47,23,5
J,47,24,8
J,47,25,5
J,47,26,6
J,47,27,5
J,47,29,7
J,47,30,6
J,47,31,6
J,49,1,7
J,49,2,5
J,49,3,5
J,49,4,6
J,49,5,4
J,49,6,7
J,49,7,8
J,49,8,5
J,49,9,6
J,49,10,5
J,49,11,5
J,49,12,5
J,49,13,6
J,49,14,5
J,49,15,7
J,49,16,5
J,49,17,7
J,49,18,3
J,49,19,4
J,49,20,6
J,49,21,5
J,49,22,6
J,49,23,5
J,49,24,5
J,49,25,10
J,49,26,7
J,49,27,4
J,50,1,5
J,50,2,5
J,50,3,6
J,50,4,7
J,50,5,8
J,50,6,5
J,50,7,6
J,50,8,5
J,50,9,5
J,50,10,6
J,50,11,7
J,50,14,6
J,50,15,9
J,50,16,6
J,50,17,7
J,50,18,5
J,50,19,5
J,50,20,8
J,50,21,6
J,50,22,6
J,10,29,6
J,10,30,7
J,10,31,5
J,10,32,6
J,10,33,7
J,10,34,5
J,10,35,6
J,10,36,6
J,13,17,6
J,13,18,6
J,13,19,6
J,13,20,7
J,13,23,7
J,13,24,6
J,13,27,7
J,13,28,9
J,13,29,6
J,13,30,9
J,13,31,6
J,13,33,6
J,14,4,7
J,14,11,6
J,14,12,7
J,14,13,5
J,14,14,7
J,14,15,6
J,14,16,6
J,14,17,4
J,14,18,8
J,14,19,5
J,14,20,3
J,14,21,6
J,14,22,5
J,14,23,5
J,14,24,3
J,14,25,5
J,14,40,8
J,14,41,5
J,14,42,5
J,14,43,7
J,14,44,8
J,14,45,6
J,16,2,7
J,16,12,6
J,16,13,7
J,16,14,9
J,16,25,5
J,16,28,6
J,16,29,6
J,16,30,11
J,16,31,7
J,16,32,7
J,16,33,6
J,16,34,6
J,20,14,6
J,20,15,5
J,20,16,7
J,20,17,6
J,20,18,4
J,20,19,6
J,20,20,5
J,20,21,5
J,21,1,7
J,21,2,8
J,21,3,6
J,21,21,5
J,21,22,8
J,21,23,10
J,21,24,8
J,21,25,5
J,21,26,7
J,21,27,5
J,21,28,6
J,21,29,7
J,21,30,6
J,21,31,3
J,21,32,5
J,21,33,7
J,21,34,11
J,21,35,6
J,25,1,6
J,25,2,5
J,25,3,4
J,25,4,7
J,25,5,7
E,1,8,7
E,1,9,6
E,1,10,5
E,1,11,6
E,1,12,5
E,1,15,6
E,1,16,7
E,1,17,7
E,1,18,7
E,1,19,7
E,1,20,4
E,1,21,6
E,3,1,8
E,3,6,8
E,3,9,6
E,3,10,2
E,3,11,6
E,3,12,6
E,3,13,6
E,3,14,7
E,3,15,9
E,3,16,6
E,3,17,9
E,3,18,5
E,4,1,5
E,4,2,5
E,4,3,6
E,4,4,5
E,4,5,6
E,4,6,6
E,4,7,6
E,4,8,7
E,4,9,8
E,4,10,7
E,4,11,8
E,4,12,5
E,4,13,4
E,4,14,6
E,4,15,6
E,4,16,5
E,4,17,6
E,4,18,8
E,4,21,7
E,4,22,5
E,4,23,5
E,4,27,6
E,4,28,5
E,4,29,5
E,4,30,6
E,4,31,7
E,5,3,6
E,5,4,5
E,5,5,5
E,5,6,5
E,5,7,7
E,5,8,5
E,5,9,5
E,5,10,7
E,5,11,5
E,5,12,4
E,5,13,8
E,5,14,8
E,5,15,6
E,5,16,4
E,5,17,5
E,5,18,7
E,5,19,6
E,5,20,5
E,5,21,9
E,5,22,7
E,5,23,5
E,6,1,7
E,7,14,5
E,7,15,6
E,7,16,6
E,7,17,7
E,7,18,6
E,7,21,5
E,7,23,6
E,7,24,5
E,7,25,5
E,7,26,7
E,7,27,5
E,7,28,6
E,7,29,5
E,8,4,6
E,8,5,6
E,8,6,6
E,8,7,5
E,8,8,6
E,8,9,7
E,8,10,5
E,8,11,3
E,8,16,7
E,8,17,7
E,8,18,7
E,8,19,5
E,8,20,8
E,8,21,5
E,8,22,8
E,8,23,5
E,8,24,4
E,8,25,5
E,8,26,5
E,8,27,6
E,8,28,5
E,9,1,7
E,9,2,7
E,9,3,10
E,9,4,6
E,9,5,5
E,9,6,6
E,9,7,7
E,9,13,6
E,9,14,6
E,9,15,9
E,9,16,5
E,9,17,4
E,9,18,6
E,9,19,7
E,9,20,6
E,9,21,5
E,9,22,10
E,9,23,5
E,9,24,6
E,9,25,6
E,9,26,6
E,9,27,4
E,9,28,5
E,9,29,5
E,9,30,5
E,9,31,4
E,9,32,4
E,9,33,6
E,9,34,7
E,10,1,9
E,10,2,5
E,10,3,7
E,10,4,5
E,10,5,4
E,10,6,11
E,10,7,6
E,10,8,6
E,10,9,5
E,10,10,6
E,10,11,7
E,10,12,8
E,10,13,5
E,10,14,7
E,10,15,6
E,10,16,5
E,10,17,5
E,10,18,4
E,10,19,10
E,10,21,7
E,10,22,6
E,10,23,6
E,10,24,6
E,10,25,5
E,10,26,7
E,10,28,5
E,10,29,5
E,11,1,6
E,11,2,5
E,11,3,9
E,11,4,5
E,11,5,10
E,11,6,6
E,11,7,7
E,11,8,11
E,12,21,6
E,12,22,11
E,12,23,8
E,12,24,6
E,12,25,8
E,12,26,5
E,12,27,8
E,12,29,9
E,12,30,4
E,12,31,6
E,12,32,5
E,12,33,6
E,12,34,8
E,12,35,7
E,12,36,6
E,12,38,7
E,12,39,6
E,13,1,4
E,13,2,6
E,13,3,6
E,13,4,4
E,13,5,11
E,13,6,5
E,13,7,6
E,13,8,6
E,13,9,6
E,13,10,6
E,13,11,6
E,13,12,6
E,13,13,9
E,13,14,6
E,13,15,7
E,13,16,5
E,13,17,6
E,13,18,6
E,13,19,7
E,14,11,5
E,14,12,8
E,14,19,6
E,14,20,8
E,14,25,7
E,15,20,6
E,15,21,5
E,15,26,5
E,17,2,9
E,17,3,9
E,17,4,6
E,17,5,9
E,17,6,6
E,17,7,7
E,17,8,4
E,17,9,7
E,17,10,6
E,17,11,6
E,17,12,6
E,17,13,5
E,17,14,6
E,17,15,5
E,17,16,6
E,18,1,7
E,18,2,5
E,18,3,5
E,18,4,5
E,18,5,6
E,18,6,6
E,18,7,5
E,18,8,3
E,18,9,6
E,18,10,6
E,18,11,7
E,18,12,12
E,18,13,6
E,18,14,9
E,18,15,5
E,18,16,6
E,18,17,6
E,18,18,7
E,18,19,8
E,18,20,7
E,18,21,9
E,18,22,6
E,18,23,6
E,18,24,4
E,18,25,7
E,18,26,8
E,18,27,5
E,19,3,5
E,19,4,7
E,19,5,6
E,19,6,7
E,19,7,6
E,19,8,6
E,19,9,8
E,19,17,5
E,19,19,5
E,20,18,6
E,20,19,8
E,20,20,7
E,20,21,4
E,20,22,5
E,20,23,5
E,20,24,3
E,20,25,5
E,20,26,7
E,21,1,4
E,21,2,6
E,21,3,5
E,21,4,6
E,21,5,6
E,21,6,6
E,21,7,5
E,21,8,6
E,21,9,5
E,21,10,4
E,21,11,5
E,21,12,6
E,21,13,6
E,21,14,5
E,21,15,5
E,21,16,5
E,21,17,5
E,21,18,7
E,21,19,5
E,21,20,5
E,21,21,5
E,21,22,7
E,21,23,6
E,21,24,6
E,21,25,5
E,21,26,5
E,21,27,5
E,21,28,8
E,21,29,7
E,21,30,5
E,21,31,5
E,21,32,5
E,21,33,9
E,21,34,4
E,21,35,5
E,21,36,6
E,21,37,2
E,22,1,5
E,22,2,5
E,22,3,7
E,22,4,7
E,22,5,7
E,22,6,7
E,22,7,6
E,22,8,10
E,22,9,8
E,22,10,6
E,22,11,5
E,22,12,6
E,22,13,6
E,22,14,4
E,22,15,6
E,22,16,6
E,22,17,3
E,22,18,4
E,22,19,4
E,22,20,5
E,22,21,5
E,22,22,4
E,22,23,5
E,22,24,5
E,22,25,6
E,22,26,5
E,22,27,4
E,22,28,6
E,22,29,6
E,22,30,5
E,23,1,7
E,23,2,5
E,23,3,3
E,23,4,5
E,23,5,5
E,23,6,5
E,23,7,6
E,23,8,6
E,23,9,6
E,23,10,4
E,23,11,6
E,23,12,5
E,23,13,6
E,23,14,4
E,23,15,8
E,23,16,10
E,23,17,6
E,23,18,9
E,23,19,5
E,23,20,7
E,23,21,5
E,23,22,6
E,23,23,6
E,23,24,6
E,23,25,6
E,23,26,6
E,23,27,6
E,23,28,7
E,23,29,7
E,23,30,5
E,23,31,5
E,23,32,5
E,23,33,5
E,24,1,6
E,24,2,5
E,24,3,7
E,24,4,7
E,24,5,5
E,24,6,6
E,24,7,6
E,24,8,6
E,24,9,4
E,24,10,5
E,24,11,5
E,24,12,8
E,24,13,5
E,24,14,5
E,24,15,5
E,32,1,7
E,32,2,5
E,32,3,6
E,32,4,7
E,32,5,3
E,32,6,8
E,32,7,6
E,32,8,8
E,32,9,5
E,32,10,5
E,32,11,7
E,32,12,8
E,32,13,6
E,32,14,6
E,32,15,5
E,32,16,6
E,32,17,5
E,32,18,6
E,32,19,7
E,32,20,9
E,32,21,6
E,32,22,6
E,32,23,6
E,32,24,6
E,32,25,5
E,32,26,6
E,32,27,10
E,32,28,8
E,32,29,6
E,32,30,8
E,32,31,7
E,32,32,6
E,32,33,6
E,32,34,6
E,32,35,5
E,33,1,8
E,33,2,6
E,33,3,6
E,33,4,5
E,33,5,5
E,33,6,4
E,33,7,8
E,33,8,7
E,33,9,5
E,33,10,7
E,33,11,8
E,33,12,8
E,33,13,6
E,33,14,5
E,33,15,5
E,33,16,7
E,33,17,6
E,33,18,4
E,33,19,6
E,33,20,6
E,33,21,6
E,33,22,7
E,33,23,5
E,20,1,6
E,20,2,6
E,20,3,7
E,20,4,5
E,20,5,6
E,20,6,7
E,20,7,5
E,20,8,6
E,20,9,10
E,20,10,6
E,20,11,6
E,20,12,4
E,20,13,7
E,20,14,7
E,20,15,4
E,20,16,5
E,20,17,5
E,20,18,6
E,21,6,6
E,21,8,5
E,21,9,5
E,21,10,6
E,21,11,4
E,21,12,7
E,21,13,2
E,21,14,8
E,21,15,6
E,21,16,7
E,21,17,7
E,21,18,6
E,21,19,6
E,21,20,5
E,21,21,6
E,21,22,5
E,21,23,6
E,21,24,3
E,21,25,5
E,21,26,7
E,21,27,6
E,21,28,5
E,21,29,5
E,21,30,5
E,21,31,5
E,21,32,7
E,21,33,5
E,21,34,4
E,22,1,6
E,22,2,8
E,22,3,9
E,22,4,6
E,22,5,5
E,22,6,7
E,22,7,7
E,22,8,5
E,22,9,3
E,22,10,6
E,22,17,7
E,22,18,4
E,22,19,5
E,25,1,3
E,25,2,7
E,25,3,6
E,25,4,5
E,28,12,5
E,28,17,6
E,28,18,8
E,28,20,9
E,28,21,5
E,28,22,5
E,30,2,6
E,30,3,5
E,30,5,5
E,30,6,6
E,30,7,6
E,30,8,6
E,30,9,6
E,30,10,5
E,30,11,5
E,30,12,5
E,30,13,5
E,30,14,8
E,30,15,7
E,30,16,6
E,30,17,5
E,30,18,7
E,30,19,6
E,30,20,6
E,30,21,5
E,30,22,5
E,30,23,5
E,30,24,6
E,31,1,7
E,31,2,5
E,31,4,5
E,31,5,6
E,31,6,5
E,31,7,5
E,31,8,8
E,31,9,4
E,31,10,6
E,31,11,4
E,31,12,8
E,31,13,9
E,31,14,7
E,31,15,6
E,31,16,6
E,31,19,5
E,31,20,5
E,31,21,5
E,31,22,4
E,31,23,6
E,31,24,7
E,31,25,5
E,31,26,6
E,31,27,6
E,31,28,4
E,31,29,8
E,31,30,5
E,31,31,8
E,31,32,6
E,31,33,6
E,31,34,6
E,31,35,6
E,31,36,9
E,31,37,6
E,31,38,6
E,31,39,5
E,31,40,6
E,31,41,6
E,31,42,6
E,31,43,7
E,31,44,5
E,31,45,5
E,31,46,7
E,31,47,4
E,31,48,5
E,31,50,7
E,31,51,6
E,31,52,7
E,31,53,5
E,31,54,7
E,32,1,5
E,32,2,5
E,32,3,5
E,32,14,6
E,32,15,4
E,32,16,7
E,32,17,7
E,32,18,7
E,32,19,5
E,32,20,6
E,32,21,7
E,32,22,6
E,32,23,7
E,32,24,6
E,32,25,5
E,32,26,7
E,32,27,5
E,32,28,4
E,32,29,7
E,32,30,6
E,32,31,6
E,32,32,7
E,32,33,6
E,33,1,9
E,33,2,8
E,33,3,5
E,33,4,6
E,33,5,8
E,33,6,4
E,33,7,5
E,33,8,7
E,33,9,6
E,33,10,6
E,33,11,7
E,33,12,4
E,33,13,6
E,33,14,8
E,33,15,6
E,33,16,5
E,33,17,6
E,33,18,5
E,33,19,7
E,33,20,5
E,35,1,6
E,35,2,5
E,35,3,6
E,35,4,6
E,35,5,8
E,35,6,4
E,35,7,7
E,35,8,8
E,35,16,6
E,35,17,6
E,35,18,8
E,35,19,6
E,35,20,6
E,37,3,6
E,37,4,7
E,37,12,5
E,37,13,6
E,37,14,5
E,37,15,6
E,37,16,5
E,37,17,6
E,37,18,5
E,37,21,5
E,37,22,11
E,37,24,4
E,37,25,6
E,37,28,6
E,37,29,5
E,37,30,4
E,37,36,6
E,40,1,6
E,40,2,6
E,40,3,6
E,40,4,6
E,40,5,5
E,40,6,6
E,40,7,6
E,40,8,5
E,40,9,6
E,40,10,4
E,40,11,8
E,40,12,4
E,40,13,6
E,40,14,7
E,40,15,5
E,40,16,4
E,40,17,6
E,40,18,5
E,40,19,6
E,40,20,9
E,40,21,5
E,40,22,4
E,40,23,4
E,41,1,5
E,41,2,4
E,41,3,5
E,41,4,6
E,41,5,7
E,41,6,5
E,41,7,5
E,41,8,8
E,41,9,4
E,41,10,6
E,41,11,7
E,41,12,6
E,41,13,6
E,41,14,7
E,41,15,8
E,41,16,5
E,41,17,5
E,41,18,3
E,41,19,4
E,41,20,5
E,41,21,6
E,41,22,6
E,41,23,4
E,41,24,6
E,41,25,5
E,41,26,5
E,41,27,2
E,41,28,6
E,41,29,5
E,41,30,8
E,41,31,5
E,41,32,6
E,41,33,6
E,41,34,5
E,41,35,6
E,41,36,7
E,41,37,7
E,41,38,5
E,41,39,6
E,41,40,6
E,41,41,6
E,41,42,7
E,41,43,5
E,41,44,3
E,41,45,6
E,41,47,5
E,41,48,7
E,41,49,7
E,41,50,9
E,41,51,6
E,41,52,6
E,41,53,7
E,41,54,6
E,41,55,7
E,41,56,5
E,41,57,6
E,42,5,7
E,42,6,6
E,42,7,8
E,42,21,7
E,42,22,7
E,42,23,5
E,42,24,5
E,42,25,6
E,42,35,7
E,42,36,6
E,42,37,7
E,43,14,8
E,43,18,10
E,43,19,6
E,43,20,5
E,43,21,6
E,43,22,5
E,43,23,7
E,45,3,5
E,46,1,7
E,46,2,5
E,46,3,5
E,46,4,8
E,46,5,7
E,47,7,6
E,47,8,4
E,47,9,5
E,47,10,4
E,48,1,8
E,48,2,6
E,48,8,6
E,48,9,5
E,48,10,7
E,48,11,6
E,48,12,4
E,48,13,6
E,48,14,6
E,48,15,8
E,48,16,6
E,48,17,8
E,48,18,6
E,48,19,8
E,48,20,3
E,48,21,6
E,48,22,5
E,50,23,8
E,50,24,8
E,50,25,5
E,50,26,7
E,31,14,7
E,31,15,5
E,31,23,7
E,33,1,6
E,34,1,8
E,34,2,6
E,34,3,7
E,34,4,7
E,34,5,5
E,34,6,5
E,11,1,8
E,11,2,6
E,11,3,6
E,11,4,6
E,11,5,8
E,11,6,4
E,11,7,6
E,11,8,6
E,11,9,5
E,11,10,7
E,11,11,6
E,11,12,7
E,11,13,7
E,11,14,6
E,11,15,5
E,11,16,8
E,11,17,7
E,11,18,7
E,11,19,7
E,11,20,5
E,11,21,5
E,11,22,7
E,11,23,8
E,11,24,6
E,11,25,6
E,11,26,6
E,11,27,5
E,11,28,6
E,11,29,5
E,11,30,5
E,11,31,9
E,11,32,7
E,11,33,6
E,11,34,5
E,11,35,4
E,12,1,8
E,12,2,5
E,12,3,4
E,12,4,5
E,12,5,5
E,12,6,6
E,12,7,5
E,12,8,6
E,12,9,3
E,12,10,6
E,12,11,6
E,12,12,6
E,12,13,6
E,12,14,4
E,12,15,6
E,12,16,5
E,21,5,7
E,21,6,7
E,21,7,7
E,21,8,8
E,21,9,8
E,22,2,5
E,22,3,5
E,22,4,8
E,22,5,5
E,22,6,5
E,22,7,5
E,22,8,8
E,22,9,5
E,22,10,6
E,22,11,7
E,22,12,6
E,22,13,6
E,22,14,5
E,22,15,5
E,22,16,7
E,22,17,6
E,22,18,9
E,22,19,6
E,22,20,9
E,22,21,7
E,22,22,7
E,22,23,8
E,22,24,4
E,22,25,6
E,22,26,9
E,22,27,5
E,22,28,7
E,22,29,6
E,22,30,7
E,22,31,7
E,22,32,6
E,22,33,6
E,22,34,5
E,22,35,6
E,22,36,8
E,22,37,5
E,22,38,5
E,22,39,5
E,22,40,7
E,22,41,6
E,23,1,5
E,23,2,6
E,23,3,6
E,23,4,7
E,23,5,6
E,23,6,5
E,23,7,9
E,23,8,3
E,23,9,6
E,23,10,7
E,23,11,6
E,23,12,6
E,23,13,7
E,23,14,8
E,23,15,5
E,23,16,6
E,23,17,6
E,23,18,6
E,23,19,6
E,23,20,4
E,23,21,8
E,23,22,5
E,23,23,6
E,23,24,6
E,23,25,5
E,23,26,6
E,23,27,6
E,23,28,8
E,23,29,5
E,23,30,6
E,24,1,6
E,24,2,7
E,24,3,7
E,24,4,6
E,24,5,4
E,24,6,8
E,24,7,6
E,24,8,8
E,24,9,7
E,24,10,6
E,24,11,5
E,24,12,5
E,24,13,3
E,24,14,6
E,24,15,7
E,24,16,7
E,24,17,9
E,24,18,6
E,24,19,5
E,24,20,7
E,24,21,6
E,24,22,3
E,24,23,5
E,24,24,6
E,24,25,5
D1,1,1,7
D1,1,2,5
D1,1,3,8
D1,1,4,5
D1,1,5,6
D1,1,6,6
D1,1,7,8
D1,1,8,7
D1,1,9,6
D1,1,10,3
D1,1,11,8
D1,1,12,4
D1,1,13,6
D1,1,14,5
D1,1,15,8
D1,1,16,8
D1,1,17,8
D1,1,18,5
D1,1,19,10
D1,1,20,5
D1,1,21,5
D1,1,22,6
D1,1,23,6
D1,1,24,5
D1,1,25,6
D1,1,26,5
D1,1,27,7
D1,1,28,3
D1,1,29,5
D1,1,30,5
D1,1,31,8
D1,1,32,5
D1,1,33,10
D1,1,34,5
D1,1,35,6
D1,1,36,9
D1,1,37,6
D1,1,38,5
D1,1,39,8
D1,1,40,7
D1,1,41,9
D1,1,42,5
D1,1,43,6
D1,1,44,8
D1,1,45,5
D1,1,46,5
D1,2,1,6
D1,2,2,3
D1,2,3,5
D1,2,4,3
D1,2,5,6
D1,2,6,5
D1,2,7,7
D1,2,8,6
D1,2,9,6
D1,2,10,5
D1,2,11,4
D1,2,12,8
D1,2,13,5
D1,2,14,7
D1,2,15,5
D1,2,16,6
D1,2,17,3
D1,2,18,4
D1,2,19,9
D1,2,20,5
D1,2,21,6
D1,2,22,7
D1,2,23,7
D1,2,24,8
D1,2,25,4
D1,2,26,7
D1,2,27,5
D1,2,28,4
D1,2,29,7
D1,2,30,7
D1,2,31,7
D1,2,32,6
D1,2,33,7
D1,2,34,6
D1,2,35,6
D1,2,36,9
D1,2,37,6
D1,3,1,7
D1,3,2,11
D1,3,3,6
D1,3,4,9
D1,3,5,5
D1,3,6,8
D1,3,7,5
D1,3,8,7
D1,3,9,5
D1,3,10,3
D1,3,11,8
D1,3,12,6
D1,3,13,5
D1,3,14,6
D1,3,15,4
D1,3,16,11
D1,3,17,6
D1,3,18,6
D1,3,19,5
D1,3,20,7
D1,3,21,8
D1,3,22,5
D1,3,23,5
D1,3,24,8
D1,3,25,6
D1,3,26,6
D1,3,27,6
D1,3,28,7
D1,3,29,5
D1,4,1,9
D1,4,2,7
D1,4,3,7
D1,4,4,4
D1,4,5,7
D1,4,6,4
D1,4,7,5
D1,4,8,10
D1,4,9,6
D1,4,10,10
D1,4,11,8
D1,4,12,6
D1,4,13,7
D1,4,14,5
D1,4,15,7
D1,4,16,10
D1,4,17,8
D1,4,18,7
D1,4,19,7
D1,4,20,6
D1,4,21,6
D1,4,22,6
D1,4,23,11
D1,4,24,4
D1,4,32,10
D1,4,33,5
D1,4,34,8
D1,4,35,5
D1,4,36,5
D1,4,37,5
D1,4,38,6
D1,4,39,7
D1,4,40,8
D1,4,41,5
D1,4,42,9
D1,4,43,5
D1,4,44,5
D1,4,45,5
D1,4,46,9
D1,4,47,7
D1,4,48,5
D1,4,49,5
D1,5,1,6
D1,5,2,4
D1,5,3,7
D1,5,4,6
D1,5,5,9
D1,5,6,5
D1,5,7,4
D1,5,8,8
D1,5,9,7
D1,5,10,4
D1,5,11,6
D1,5,12,5
D1,5,13,5
D1,5,14,8
D1,5,15,7
D1,5,16,6
D1,5,17,3
D1,5,18,3
D1,5,19,3
D1,5,20,4
D1,5,21,5
D1,5,22,7
D1,5,23,7
D1,5,24,7
D1,5,25,7
D1,5,26,7
D1,5,27,6
D1,5,28,7
D1,5,29,8
D1,5,30,4
D1,5,31,9
D1,5,32,2
D1,5,33,7
D1,6,1,6
D1,6,2,8
D1,6,3,11
D1,6,4,4
D1,6,5,5
D1,6,6,7
D1,6,7,4
D1,6,8,3
D1,6,9,4
D1,6,10,10
D1,6,11,7
D1,6,12,7
D1,6,13,5
D1,6,14,7
D1,6,15,6
D1,6,16,4
D1,6,17,4
D1,6,18,5
D1,6,19,4
D1,6,20,6
D1,6,21,6
D1,6,22,6
D1,6,23,7
D1,6,24,7
D1,6,25,7
D1,7,1,9
D1,7,2,5
D1,7,3,7
D1,7,4,5
D1,7,5,5
D1,7,6,7
D1,7,7,5
D1,7,8,8
D1,7,9,4
D1,7,10,7
D1,7,11,6
D1,7,12,9
D1,7,13,7
D1,7,14,5
D1,7,15,7
D1,7,16,6
D1,7,17,5
D1,7,18,7
D1,7,19,7
D1,7,20,5
D1,7,21,4
D1,7,22,5
D1,7,23,5
D1,7,24,6
D1,7,25,10
D1,7,26,7
D1,8,1,7
D1,8,2,7
D1,8,3,7
D1,8,4,4
D1,8,5,6
D1,8,6,5
D1,8,7,5
D1,8,8,4
D1,8,9,6
D1,8,10,5
D1,8,11,5
D1,8,12,5
D1,8,13,2
D1,8,14,6
D1,8,15,9
D1,8,16,6
D1,8,17,6
D1,8,18,10
D1,9,1,9
D1,9,2,10
D1,9,3,9
D1,9,4,11
D1,9,5,8
D1,9,6,7
D1,9,7,7
D1,9,8,5
D1,9,9,8
D1,9,10,8
D1,9,11,5
D1,9,12,7
D1,9,13,6
D1,9,14,8
D1,9,15,5
D1,9,16,8
D1,9,17,5
D1,9,18,7
D1,9,19,7
D1,9,20,6
D1,9,21,7
D1,9,22,5
D1,9,23,3
D1,9,24,6
D1,9,25,7
D1,9,26,11
D1,9,27,7
D1,9,28,7
D1,9,29,6
D1,10,1,5
D1,10,2,6
D1,10,3,9
D1,10,4,8
D1,10,5,8
D1,10,6,7
D1,10,7,7
D1,10,8,9
D1,10,9,5
D1,10,10,6
D1,10,11,7
D1,10,12,7
D1,10,13,5
D1,10,14,7
D1,10,15,6
D1,10,16,6
D1,10,17,8
D1,10,18,6
D1,10,19,5
D1,10,20,5
D1,10,21,7
D1,10,22,5
D1,11,1,5
D1,11,2,9
D1,11,3,8
D1,11,4,7
D1,11,5,5
D1,11,6,9
D1,11,7,5
D1,11,8,10
D1,11,9,9
D1,11,10,9
D1,11,11,6
D1,11,12,5
D1,11,13,7
D1,11,14,6
D1,11,15,4
D1,11,16,5
D1,11,17,2
D1,11,18,8
D1,11,19,4
D1,11,20,4
D1,11,21,9
D1,11,22,9
D1,11,23,4
D1,11,24,8
D1,11,25,6
D1,11,26,5
D1,11,27,3
D1,11,28,9
D1,11,29,7
D1,11,30,8
D1,11,31,8
D1,11,32,7
D1,26,16,7
D1,26,17,6
D1,26,18,6
D1,26,19,6
D1,27,1,7
D1,27,2,10
D1,27,3,7
D1,27,4,5
D1,27,5,6
D1,27,6,5
D1,27,7,5
D1,27,8,5
D1,27,9,6
D1,27,10,6
D1,27,11,4
D1,27,12,9
D1,27,13,8
D1,27,14,5
D1,27,15,11
D1,27,16,7
D1,27,17,6
D1,27,18,6
D1,27,19,5
D1,27,20,6
D1,27,21,6
D1,27,22,6
D1,27,23,6
D1,27,24,6
D1,27,25,6
D1,27,26,7
D1,28,1,7
D1,28,2,7
D1,28,3,5
D1,28,4,8
D1,28,5,4
D1,28,6,5
D1,28,7,5
D1,28,8,6
D1,28,9,6
D1,28,10,5
D1,28,11,9
D1,28,12,7
D1,28,13,7
D1,28,14,5
D1,28,15,8
D1,28,16,5
D1,28,17,4
D1,28,18,5
D1,28,19,6
D1,28,20,8
D1,28,21,7
D1,28,22,5
D1,28,23,6
D1,28,24,5
D1,28,25,8
D1,28,26,6
D1,28,27,4
D1,28,28,5
D1,28,29,10
D1,28,30,5
D1,28,31,5
D1,28,32,7
D1,28,33,8
D1,28,34,4
D1,28,35,8
D1,28,38,5
D1,28,39,6
D1,28,40,5
D1,28,41,5
D1,28,42,5
D1,28,43,4
D1,28,44,5
D1,28,45,6
D1,28,46,6
D1,28,47,5
D1,28,48,6
D1,28,49,6
D1,28,50,6
D1,28,51,6
D1,28,52,7
D1,28,53,6
D1,28,54,6
D1,28,55,10
D1,28,56,5
D1,28,57,7
D1,28,58,7
D1,28,59,8
D1,28,60,6
D1,28,61,6
D1,28,62,5
D1,28,69,8
D1,29,1,7
D1,29,2,6
D1,29,3,4
D1,29,4,5
D1,29,5,7
D1,29,6,7
D1,29,7,7
D1,29,8,5
D1,29,9,7
D1,29,10,4
D1,29,11,7
D1,29,12,7
D1,29,13,6
D1,29,14,4
D1,29,15,7
D1,29,16,6
D1,29,17,9
D1,29,18,9
D1,29,19,11
D1,29,20,6
D1,29,28,8
D1,30,11,4
D1,30,12,7
D1,30,13,6
D1,31,1,6
D1,31,2,6
D1,31,3,5
D1,31,4,7
D1,31,5,5
D1,31,6,6
D1,31,7,9
D1,31,8,5
D1,31,9,6
D1,31,10,8
D1,31,11,6
D1,31,12,11
D1,31,24,7
D1,31,25,6
D1,31,26,4
D1,31,27,6
D1,32,45,5
D1,32,46,10
D1,32,47,7
D1,34,10,8
D1,34,11,8
D1,34,12,7
D2,4,25,9
D2,4,26,7
D2,4,27,6
D2,4,28,7
D2,4,29,6
D2,4,30,6
D2,4,31,6
D2,8,19,9
D2,8,20,8
D2,28,36,8
D2,28,37,7
D2,28,63,9
D2,28,64,8
D2,28,65,8
D2,28,66,4
D2,28,67,8
D2,28,68,9
D2,29,21,7
D2,29,22,10
D2,29,23,6
D2,29,24,9
D2,29,25,7
D2,29,26,6
D2,29,27,8
D2,30,1,6
D2,30,2,6
D2,30,3,6
D2,30,4,5
D2,30,5,4
D2,30,6,6
D2,30,7,6
D2,30,8,6
D2,30,9,8
D2,30,10,8
D2,30,14,4
D2,30,15,6
D2,30,16,8
D2,30,17,6
D2,30,18,8
D2,30,19,6
D2,30,20,10
D2,31,16,5
D2,31,17,6
D2,31,18,8
D2,31,19,6
D2,31,20,7
D2,31,21,9
D2,31,22,5
D2,31,28,6
D2,31,29,8
D2,31,30,5
D2,32,44,7
Dn,12,1,10
Dn,12,2,11
Dn,12,3,5
Dn,12,4,4
Dn,12,5,4
Dn,12,6,7
Dn,12,7,5
Dn,12,8,7
Dn,12,9,7
Dn,12,10,7
Dn,12,11,8
Dn,12,12,8
Dn,12,13,6
Dn,12,14,7
Dn,12,15,8
Dn,12,16,5
Dn,12,17,7
Dn,12,18,7
Dn,12,19,6
Dn,12,20,4
Dn,12,21,6
Dn,12,22,6
Dn,12,23,9
Dn,12,24,4
Dn,12,25,5
Dn,12,26,6
Dn,12,27,5
Dn,12,28,8
Dn,12,29,7
Dn,12,30,8
Dn,12,31,7
Dn,13,1,6
Dn,13,2,6
Dn,13,3,8
Dn,13,4,10
Dn,13,5,5
Dn,13,6,8
Dn,13,7,7
Dn,13,8,7
Dn,13,9,5
Dn,13,10,7
Dn,13,11,9
Dn,13,12,6
Dn,13,13,6
Dn,13,14,7
Dn,13,15,5
Dn,13,16,8
Dn,13,17,6
Dn,13,18,7
Dn,13,19,7
Dn,14,1,6
Dn,14,2,8
Dn,14,3,4
Dn,14,4,7
Dn,14,5,4
Dn,14,6,5
Dn,14,7,7
Dn,14,8,4
Dn,14,9,7
Dn,14,10,3
Dn,14,11,5
Dn,14,12,5
Dn,14,13,5
Dn,14,14,4
Dn,14,15,6
Dn,14,16,4
Dn,14,17,5
Dn,14,18,4
Dn,14,19,5
Dn,14,20,5
Dn,14,21,6
Dn,14,22,5
Dn,14,23,11
Dn,14,24,8
Dn,14,25,7
Dn,14,26,6
Dn,14,27,5
Dn,14,28,5
Dn,14,29,10
Dn,15,1,6
Dn,15,2,7
Dn,15,3,5
Dn,15,4,6
Dn,15,5,5
Dn,15,6,4
Dn,15,7,4
Dn,15,8,6
Dn,15,9,11
Dn,15,10,9
Dn,15,11,7
Dn,15,12,5
Dn,15,13,4
Dn,15,14,8
Dn,15,15,6
Dn,15,16,6
Dn,15,17,8
Dn,15,18,6
Dn,15,19,5
Dn,15,20,5
Dn,15,21,7
Dn,15,22,5
Dn,15,23,5
Dn,16,1,5
Dn,16,2,5
Dn,16,3,4
Dn,16,4,8
Dn,16,5,4
Dn,16,6,10
Dn,16,7,8
Dn,16,8,4
Dn,16,9,5
Dn,16,10,6
Dn,16,11,9
Dn,16,12,5
Dn,16,13,4
Dn,16,14,6
Dn,16,15,8
Dn,16,16,6
Dn,16,17,5
Dn,16,18,7
Dn,16,19,8
Dn,16,20,6
Dn,16,21,5
Dn,16,22,5
Dn,17,1,5
Dn,17,2,7
Dn,17,3,8
Dn,17,4,6
Dn,17,5,8
Dn,17,6,4
Dn,17,7,7
Dn,17,8,13
Dn,17,9,6
Dn,17,10,8
Dn,17,11,8
Dn,17,12,6
Dn,17,13,5
Dn,17,14,10
Dn,17,15,7
Dn,17,16,6
Dn,17,17,6
Dn,17,18,6
Dn,17,19,8
Dn,17,20,4
Dn,18,1,6
Dn,18,2,5
Dn,18,3,4
Dn,18,4,5
Dn,18,5,6
Dn,18,6,7
Dn,18,7,5
Dn,18,8,4
Dn,18,9,7
Dn,18,10,6
Dn,18,11,7
Dn,18,12,8
Dn,18,13,5
Dn,18,14,2
Dn,18,15,4
Dn,18,16,8
Dn,18,17,5
Dn,18,18,7
Dn,18,19,5
Dn,18,20,7
Dn,18,21,6
Dn,18,22,4
Dn,19,1,6
Dn,19,2,4
Dn,19,3,5
Dn,19,4,5
Dn,19,5,8
Dn,19,6,8
Dn,19,7,6
Dn,19,8,7
Dn,19,9,8
Dn,19,10,6
Dn,19,11,11
Dn,19,12,5
Dn,19,13,4
Dn,19,14,6
Dn,19,15,6
Dn,19,16,5
Dn,19,17,5
Dn,19,18,4
Dn,19,19,7
Dn,19,20,6
Dn,19,21,5
Dn,20,1,7
Dn,20,2,7
Dn,20,3,7
Dn,20,4,6
Dn,20,5,8
Dn,20,6,6
Dn,20,7,8
Dn,20,8,9
Dn,20,9,6
Dn,20,10,5
Dn,20,11,9
Dn,20,12,4
Dn,20,13,5
Dn,20,14,3
Dn,20,15,6
Dn,20,16,8
Dn,20,17,5
Dn,20,18,6
Dn,20,19,10
Dn,20,20,7
Dn,21,1,6
Dn,21,2,6
Dn,21,3,7
Dn,21,4,7
Dn,21,5,10
Dn,21,6,7
Dn,21,7,5
Dn,21,8,6
Dn,21,9,5
Dn,21,10,5
Dn,21,11,6
Dn,21,12,6
Dn,21,13,7
Dn,21,14,5
Dn,21,15,8
Dn,21,16,9
Dn,21,17,6
Dn,21,18,7
Dn,21,19,5
Dn,21,20,5
Dn,21,21,6
Dn,21,22,6
Dn,21,23,6
Dn,22,1,5
Dn,22,2,7
Dn,22,3,7
Dn,22,4,5
Dn,22,5,7
Dn,22,6,7
Dn,22,7,10
Dn,22,8,6
Dn,22,9,7
Dn,22,10,5
Dn,22,11,5
Dn,22,12,6
Dn,22,13,5
Dn,22,14,6
Dn,22,15,6
Dn,22,16,6
Dn,22,17,7
Dn,22,18,4
Dn,22,19,7
Dn,22,20,5
Dn,22,21,8
Dn,22,22,9
Dn,22,23,5
Dn,22,24,9
Dn,22,25,6
Dn,22,26,6
Dn,22,27,4
Dn,22,28,6
Dn,22,29,7
Dn,23,1,5
Dn,23,2,5
Dn,23,3,5
Dn,23,4,7
Dn,23,5,6
Dn,23,6,7
Dn,23,7,7
Dn,23,8,5
Dn,23,9,5
Dn,23,10,5
Dn,23,11,8
Dn,23,12,6
Dn,23,13,5
Dn,23,14,7
Dn,23,15,10
Dn,23,16,6
Dn,23,17,7
Dn,23,18,4
Dn,23,19,6
Dn,23,20,5
Dn,23,21,7
Dn,23,22,4
Dn,23,23,5
Dn,23,24,6
Dn,23,25,7
Dn,23,26,5
Dn,24,1,7
Dn,24,2,5
Dn,24,3,7
Dn,24,4,9
Dn,24,5,10
Dn,24,6,5
Dn,24,7,5
Dn,24,8,7
Dn,24,9,6
Dn,24,10,5
Dn,24,11,3
Dn,24,12,3
Dn,24,13,6
Dn,24,14,6
Dn,24,15,10
Dn,24,16,6
Dn,24,17,5
Dn,24,18,6
Dn,24,19,6
Dn,24,20,5
Dn,24,21,5
Dn,24,22,6
Dn,25,1,6
Dn,25,2,5
Dn,25,3,6
Dn,25,4,4
Dn,25,5,6
Dn,25,6,5
Dn,25,7,8
Dn,25,8,6
Dn,25,9,6
Dn,25,10,5
Dn,25,11,8
Dn,25,12,4
Dn,25,13,6
Dn,25,14,6
Dn,25,15,8
Dn,25,16,5
Dn,25,17,6
Dn,25,18,6
Dn,25,19,10
Dn,26,1,7
Dn,26,2,5
Dn,26,3,7
Dn,26,4,7
Dn,26,5,8
Dn,26,6,6
Dn,26,7,6
Dn,26,8,5
Dn,26,9,7
Dn,26,10,7
Dn,26,11,5
Dn,26,12,7
Dn,26,13,5
Dn,26,14,6
Dn,26,15,10
O,31,13,8
O,32,1,6
O,32,2,8
O,32,3,4
O,32,4,7
O,32,5,7
O,32,6,5
O,32,7,8
O,32,8,4
O,32,9,4
O,32,10,7
O,32,11,9
O,32,12,4
O,32,13,6
O,32,14,7
O,32,15,6
O,32,16,4
O,32,17,5
O,32,18,4
O,32,19,6
O,32,20,5
O,32,21,6
O,32,22,5
O,32,23,7
O,32,24,5
O,32,25,7
O,32,26,5
O,32,27,8
O,32,28,4
O,32,29,4
O,32,30,6
O,32,31,4
O,32,32,5
O,32,33,5
O,32,34,4
O,32,35,6
O,32,36,7
O,32,37,6
O,32,38,7
O,32,39,7
O,32,40,5
O,32,41,5
O,32,42,7
O,32,43,6
O,32,48,5
O,32,49,7
O,32,50,6
O,32,51,6
O,32,52,6
O,33,2,5
O,33,3,5
O,33,4,5
O,33,5,5
O,33,6,6
O,33,7,8
O,33,8,8
O,33,9,5
O,33,10,5
O,33,11,7
O,33,12,6
O,33,13,5
O,33,14,5
O,33,15,5
O,33,16,4
O,33,17,5
O,33,18,4
O,33,19,7
O,33,20,7
O,33,21,9
O,33,22,5
O,33,23,6
O,33,24,6
O,33,25,4
O,33,26,5
O,33,27,5
O,33,28,9
O,33,29,8
